Position,Const,Created,Modified,Description,Title,Original Title,URL,Title Type,IMDb Rating,Runtime (mins),Year,Genres,Num Votes,Release Date,Directors
1,tt0096633,2017-06-30,2017-06-30,,"Ginga Eiyuu Densetsu","Ginga Eiyuu Densetsu",https://www.imdb.com/title/tt0096633/,Série de TV,9.0,25,1988,"Animação, Ação, Drama, Ficção científica, Guerra",5791,1988-12-21,
2,tt1355642,2017-06-30,2017-06-30,,"Fullmetal Alchemist: Brotherhood","Hagane no renkinjutsushi",https://www.imdb.com/title/tt1355642/,Série de TV,9.1,24,2009,"Animação, Ação, Aventura, Comédia, Drama, Fantasia, Ficção científica",213675,2009-04-05,
3,tt0877057,2017-06-30,2017-06-30,,"Death Note","Death Note: Desu nôto",https://www.imdb.com/title/tt0877057/,Série de TV,8.9,24,2006,"Animação, Policial, Drama, Fantasia, Mistério, Suspense",409889,2006-10-03,
4,tt0213338,2017-06-30,2017-06-30,,"Cowboy Bebop","Kaubôi bibappu: Cowboy Bebop",https://www.imdb.com/title/tt0213338/,Série de TV,8.9,24,1998,"Animação, Ação, Aventura, Comédia, Drama, Ficção científica",149567,2001-11-05,
5,tt4508902,2017-06-30,2017-06-30,,"One Punch Man","One Punch Man: Wanpanman",https://www.imdb.com/title/tt4508902/,Série de TV,8.7,24,2015,"Animação, Ação, Comédia, Família, Fantasia, Ficção científica",196841,2015-10-05,
6,tt2098220,2017-06-30,2017-06-30,,"HUNTER×HUNTER","Hunter x Hunter",https://www.imdb.com/title/tt2098220/,Série de TV,9.0,24,2011,"Animação, Ação, Aventura, Comédia, Fantasia",154946,2011-10-02,
7,tt10233448,2019-08-31,2019-08-31,,"Vinland Saga","Vinland Saga",https://www.imdb.com/title/tt10233448/,Série de TV,8.8,24,2019,"Animação, Ação, Aventura, Drama, História",90699,2022-07-07,
8,tt0362344,2017-06-30,2017-06-30,,"Ginga: Nagareboshi Gin","Ginga: Nagareboshi Gin",https://www.imdb.com/title/tt0362344/,Série de TV,8.8,25,1986,"Animação, Ação, Aventura, Drama, Terror, Guerra",3281,1986-04-07,
9,tt3443522,2017-08-14,2017-08-14,,"Mushishi Zoku Shou","Mushishi Zoku Shou",https://www.imdb.com/title/tt3443522/,Série de TV,8.8,24,2014,"Animação, Drama, Fantasia, Mistério, Suspense",3376,2014-04-04,
10,tt9335498,2019-08-08,2019-08-08,,"Demon Slayer: Kimetsu no Yaiba","Kimetsu no Yaiba",https://www.imdb.com/title/tt9335498/,Série de TV,8.6,24,2019,"Animação, Ação, Aventura, Fantasia, Suspense",176655,2019-04-06,
11,tt2560140,2017-06-30,2017-06-30,,"Ataque dos Titãs","Shingeki no Kyojin",https://www.imdb.com/title/tt2560140/,Série de TV,9.1,24,2013,"Animação, Ação, Aventura, Drama, Fantasia, Terror",579590,2013-04-07,
12,tt1910272,2017-06-30,2017-06-30,,"Steins;Gate","Steins;Gate",https://www.imdb.com/title/tt1910272/,Série de TV,8.8,24,2011,"Animação, Comédia, Drama, Mistério, Romance, Ficção científica, Suspense",79879,2011-04-06,
13,tt8788458,2019-03-29,2019-03-29,,"The Promised Neverland","Yakusoku no Neverland",https://www.imdb.com/title/tt8788458/,Série de TV,8.2,23,2019,"Animação, Ação, Aventura, Drama, Fantasia, Terror, Mistério, Ficção científica, Suspense",51002,2019-01-09,
14,tt0481256,2017-06-30,2017-06-30,,"Hajime no Ippo","Hajime no Ippo",https://www.imdb.com/title/tt0481256/,Série de TV,8.8,30,2000,"Animação, Ação, Comédia, Esportes",12731,2000-03-27,
15,tt0121220,2017-06-30,2017-06-30,,"Dragon Ball Z","Dragon Ball Z: Doragon bôru zetto",https://www.imdb.com/title/tt0121220/,Série de TV,8.8,24,1989,"Animação, Ação, Aventura, Comédia, Drama, Fantasia, Ficção científica",93655,1989-04-26,
16,tt0214341,2017-06-30,2017-06-30,,"Dragon Ball Z","Dragon Ball Z",https://www.imdb.com/title/tt0214341/,Série de TV,8.8,24,1996,"Animação, Ação, Aventura, Fantasia, Ficção científica, Suspense",157892,1996-08-19,
17,tt0388629,2017-06-30,2017-06-30,,"One Piece","One Piece: Wan pîsu",https://www.imdb.com/title/tt0388629/,Série de TV,9.0,24,1999,"Animação, Ação, Aventura, Comédia, Drama, Fantasia",279153,1999-10-20,
18,tt0318871,2017-06-30,2017-06-30,,"Berserk","Kenpuu Denki Berserk",https://www.imdb.com/title/tt0318871/,Série de TV,8.7,23,1997,"Animação, Ação, Aventura, Drama, Fantasia, Terror, Romance",62131,1997-10-07,
19,tt0994314,2017-06-30,2017-06-30,,"Code Geass: Lelouch of the Rebellion","Kôdo Giasu: Hangyaku no Rurûshu",https://www.imdb.com/title/tt0994314/,Série de TV,8.7,24,2006,"Animação, Ação, Drama, Fantasia, Ficção científica, Suspense",87548,2006-10-05,
20,tt0203082,2017-06-30,2017-06-30,,"Rurouni Kenshin: Meiji Kenkaku Romantan: Tsuioku Hen","Rurôni Kenshin: Meiji kenkaku romantan - Tsuioku-hen",https://www.imdb.com/title/tt0203082/,Minissérie de televisão,8.6,30,1999,"Animação, Ação, Aventura, Drama, História, Romance",17072,1999-02-20,
21,tt0426719,2017-06-30,2017-06-30,,"Hunter x Hunter","Hunter x Hunter",https://www.imdb.com/title/tt0426719/,Série de TV,8.6,23,1999,"Animação, Ação, Aventura, Comédia, Fantasia",10514,2005-07-31,
22,tt0435031,2018-05-27,2018-05-27,,"Hunter X Hunter OVA","Hunter X Hunter OVA",https://www.imdb.com/title/tt0435031/,Minissérie de televisão,8.6,24,2002,"Animação, Ação, Aventura, Comédia, Drama, Fantasia, Suspense",2270,2006-03-15,
23,tt3514596,2018-09-07,2018-09-07,,"Hajime no Ippo: Rising","Hajime No Ippo: Rising",https://www.imdb.com/title/tt3514596/,Série de TV,8.7,20,2013,"Animação, Ação, Comédia, Esportes",3358,2013-10-05,
24,tt0965547,2017-06-30,2017-06-30,,"Slam Dunk","Slam Dunk: Suramu danku",https://www.imdb.com/title/tt0965547/,Série de TV,8.7,22,1993,"Animação, Comédia, Drama, Esportes",8163,1993-10-16,
25,tt0077013,2017-06-30,2017-06-30,,"Conan - O Rapaz do Futuro","Mirai shônen Konan",https://www.imdb.com/title/tt0077013/,Série de TV,8.8,24,1978,"Animação, Aventura, Comédia, Drama, Família, Fantasia, Ficção científica",5271,1978-04-04,
26,tt0122356,2017-06-30,2017-06-30,,"Taiyô no ko Esuteban","Taiyô no ko Esuteban",https://www.imdb.com/title/tt0122356/,Série de TV,8.6,28,1982,"Animação, Aventura, Comédia, Família, Fantasia, Ficção científica",4383,1982-05-01,
27,tt0988818,2017-06-30,2017-06-30,,"Gintama","Gintama",https://www.imdb.com/title/tt0988818/,Série de TV,8.7,25,2005,"Animação, Ação, Comédia, Ficção científica",17360,2006-04-04,
28,tt0421357,2018-01-18,2018-01-18,,"Fullmetal Alchemist","Hagane no renkinjutsushi",https://www.imdb.com/title/tt0421357/,Série de TV,8.5,24,2003,"Animação, Ação, Aventura, Comédia, Drama, Fantasia, Ficção científica",80768,2003-10-04,
29,tt0434706,2017-06-30,2017-06-30,,"Monster","Monster",https://www.imdb.com/title/tt0434706/,Série de TV,8.7,24,2004,"Animação, Policial, Drama, Mistério, Suspense",53268,2004-04-06,
30,tt0112159,2017-06-30,2017-06-30,,"Neon Genesis Evangelion","Shinseiki Evangelion",https://www.imdb.com/title/tt0112159/,Série de TV,8.5,24,1995,"Animação, Ação, Drama, Ficção científica",93793,1997-07-20,
31,tt0423731,2017-06-30,2017-06-30,,"Samurai Champloo","Samurai Chanpurû",https://www.imdb.com/title/tt0423731/,Série de TV,8.5,24,2004,"Animação, Ação, Aventura, Comédia, Drama, Suspense",58412,2004-05-19,
32,tt3895150,2017-06-30,2017-06-30,,"Shigatsu wa kimi no uso","Shigatsu wa kimi no uso",https://www.imdb.com/title/tt3895150/,Série de TV,8.5,23,2014,"Animação, Comédia, Drama, Musical, Romance",41716,2014-09-01,
33,tt3592032,2017-06-30,2017-06-30,,"Ping Pong the Animation","Ping Pong the Animation",https://www.imdb.com/title/tt3592032/,Minissérie de televisão,8.6,23,2014,"Animação, Drama, Esportes",5238,2014-04-10,
34,tt0142183,2017-06-30,2017-06-30,,"Guerra das Galáxias","Choujikuu Yousai Macross",https://www.imdb.com/title/tt0142183/,Série de TV,8.5,25,1982,"Animação, Ação, Aventura, Drama, Musical, Romance, Ficção científica",2407,1982-10-03,
35,tt0315008,2017-06-30,2017-06-30,,"GTO","GTO",https://www.imdb.com/title/tt0315008/,Série de TV,8.5,24,1999,"Animação, Comédia, Drama, Romance",12492,1999-06-30,
36,tt1992744,2017-09-15,2017-09-15,,"Hajime no Ippo: New Challenger","Hajime no Ippo: New Challenger",https://www.imdb.com/title/tt1992744/,Série de TV,8.8,,2009,"Animação, Ação, Comédia, Drama, Esportes",3727,2009-01-06,
37,tt3398540,2017-06-30,2017-06-30,,"Haikyu!!","Haikyû!!",https://www.imdb.com/title/tt3398540/,Série de TV,8.7,24,2014,"Animação, Comédia, Drama, Esportes",41970,2014-04-06,
38,tt1534184,2017-06-30,2017-06-30,,"InuYasha: The Final Act","Inuyasha Kanketsu-hen",https://www.imdb.com/title/tt1534184/,Série de TV,8.4,24,2009,"Animação, Ação, Aventura, Comédia, Drama, Fantasia, Romance",3726,2019-09-09,
39,tt0088509,2017-06-30,2017-06-30,,"Dragon Ball","Dragon Ball: Doragon bôru",https://www.imdb.com/title/tt0088509/,Série de TV,8.5,25,1986,"Animação, Ação, Aventura, Comédia, Fantasia",70428,1996-08-19,
40,tt0280249,2017-06-30,2017-06-30,,"Dragon Ball","Dragon Ball",https://www.imdb.com/title/tt0280249/,Série de TV,8.5,24,1995,"Animação, Ação, Aventura, Fantasia, Ficção científica, Suspense",68410,2001-08-20,
41,tt5249462,2017-06-30,2017-06-30,,"Erased","Boku dake ga inai machi",https://www.imdb.com/title/tt5249462/,Minissérie de televisão,8.4,22,2016,"Animação, Policial, Drama, Fantasia, Mistério, Ficção científica, Suspense",63703,2016-01-08,
42,tt0346314,2017-06-30,2017-06-30,,"Ghost in the Shell: Stand Alone Complex","Kôkaku kidôtai: Stand Alone Complex",https://www.imdb.com/title/tt0346314/,Série de TV,8.5,24,2002,"Animação, Ação, Policial, Ficção científica, Suspense",21550,2002-10-01,
43,tt0182629,2017-06-30,2017-06-30,,"Samurai X","Rurôni Kenshin: Meiji kenkaku romantan",https://www.imdb.com/title/tt0182629/,Série de TV,8.5,24,1996,"Animação, Ação, Aventura, Comédia, Drama, História, Suspense",21067,1999-09-07,
44,tt0988824,2017-06-30,2017-06-30,,"Naruto Shippuden","Naruto: Shippûden",https://www.imdb.com/title/tt0988824/,Série de TV,8.7,24,2007,"Animação, Ação, Aventura, Comédia, Drama, Fantasia",189138,2007-02-15,
45,tt5626028,2017-06-30,2017-06-30,,"My Hero Academia","Boku no Hîrô Akademia",https://www.imdb.com/title/tt5626028/,Série de TV,8.2,24,2016,"Animação, Ação, Aventura, Fantasia, Ficção científica",88203,2016-04-06,
46,tt0807832,2017-06-30,2017-06-30,,"Mushishi","Mushishi",https://www.imdb.com/title/tt0807832/,Série de TV,8.5,25,2005,"Animação, Drama, Fantasia, Terror, Mistério, Suspense",15196,2005-10-22,
47,tt0161952,2017-06-30,2017-06-30,,"Os Cavaleiros do Zodíaco","Saint Seiya",https://www.imdb.com/title/tt0161952/,Série de TV,8.4,24,1986,"Animação, Ação, Aventura, Drama, Fantasia, Ficção científica",11681,2003-09-01,
48,tt0805448,2017-06-30,2017-06-30,,"Os Cavaleiros do Zodíaco: Hades","Seinto Seiya: Meiô Hâdesu jûnikyû-hen",https://www.imdb.com/title/tt0805448/,Série de TV,8.5,25,2002,"Animação, Ação, Aventura, Fantasia",3552,2002-11-09,
49,tt5897304,2017-06-30,2017-06-30,,"Mob Psycho 100","Mob Psycho 100",https://www.imdb.com/title/tt5897304/,Série de TV,8.5,24,2016,"Animação, Ação, Comédia, Drama, Fantasia, Terror, Ficção científica",52289,2016-07-11,
50,tt9458304,2019-05-09,2019-05-09,,"Dororo","Dororo",https://www.imdb.com/title/tt9458304/,Série de TV,8.2,30,2019,"Animação, Ação, Aventura, Fantasia, Terror",23306,2019-01-07,
51,tt0129712,2017-06-30,2017-06-30,,"Saber Rider and the Star Sheriffs","Saber Rider and the Star Sheriffs",https://www.imdb.com/title/tt0129712/,Série de TV,8.4,23,1987,"Animação, Ação, Aventura, Ficção científica, Faroeste",2653,1987-09-14,
52,tt1847445,2017-06-30,2017-06-30,,"The Tatami Galaxy","Yojôhan shinwa taikei",https://www.imdb.com/title/tt1847445/,Minissérie de televisão,8.4,23,2010,"Animação, Comédia, Drama, Mistério, Romance",5250,2010-04-22,
53,tt3358020,2017-06-30,2017-06-30,,"Parasyte: The Maxim","Kiseijû: Sei no kakuritsu",https://www.imdb.com/title/tt3358020/,Série de TV,8.3,22,2014,"Animação, Ação, Drama, Terror, Ficção científica, Suspense",53692,2014-10-09,
54,tt0810705,2017-06-30,2017-06-30,,"Nana","Nana",https://www.imdb.com/title/tt0810705/,Série de TV,8.5,21,2006,"Animação, Comédia, Drama, Musical, Romance",6884,2006-04-05,
55,tt2359704,2017-06-30,2017-06-30,,"JoJo's Bizarre Adventure","JoJo no Kimyô na Bôken",https://www.imdb.com/title/tt2359704/,Série de TV,8.5,24,2012,"Animação, Ação, Aventura, Comédia, Drama, Fantasia, Terror",40237,2012-10-05,
56,tt0078570,2017-06-30,2017-06-30,,"A Rosa de Versalhes","Berusaiyu no bara",https://www.imdb.com/title/tt0078570/,Série de TV,8.3,24,1979,"Animação, Ação, Drama, História, Romance",2469,1979-10-10,
57,tt0433498,2017-06-30,2017-06-30,,"Kino's Journey","Kino no tabi",https://www.imdb.com/title/tt0433498/,Minissérie de televisão,8.3,,2003,"Animação, Aventura, Drama, Fantasia, Ficção científica",3404,2003-04-08,
58,tt0185133,2017-06-30,2017-06-30,,"Yu Yu Hakusho","Yu yu hakusho",https://www.imdb.com/title/tt0185133/,Série de TV,8.5,24,1992,"Animação, Ação, Aventura, Comédia, Drama, Fantasia, Romance",16909,1997-03-19,
59,tt7222086,2018-01-30,2018-01-30,,"Made in Abyss","Made in Abyss",https://www.imdb.com/title/tt7222086/,Série de TV,8.3,,2017,"Animação, Ação, Aventura, Drama, Fantasia, Terror, Mistério, Ficção científica",17227,2017-06-10,
60,tt7078180,2018-04-03,2018-04-03,,"Violet Evergarden","Violet Evergarden",https://www.imdb.com/title/tt7078180/,Série de TV,8.4,24,2018,"Animação, Drama, Família, Fantasia, Romance, Ficção científica",32996,2018-01-11,
61,tt2922300,2018-10-11,2018-10-11,,"Monogatari Series: Second Season","Monogatari Series: Second Season",https://www.imdb.com/title/tt2922300/,Série de TV,8.6,25,2013,"Animação, Aventura, Comédia, Fantasia, Romance",3227,2013-07-06,
62,tt0131179,2017-06-30,2017-06-30,,"Detetive Conan","Meitantei Conan",https://www.imdb.com/title/tt0131179/,Série de TV,8.5,25,1996,"Animação, Ação, Comédia, Policial, Drama, Mistério, Romance, Ficção científica, Suspense",16220,1996-01-08,
63,tt2061551,2017-06-30,2017-06-30,,"Usagi doroppu","Usagi doroppu",https://www.imdb.com/title/tt2061551/,Série de TV,8.2,24,2011,"Animação, Comédia, Drama",4020,2011-07-07,
64,tt9679542,2019-09-01,2019-09-01,,"Dr. Stone","Dokutâ Sutôn",https://www.imdb.com/title/tt9679542/,Série de TV,8.1,24,2019,"Animação, Ação, Aventura, Ficção científica",32207,2019-07-05,
65,tt6112556,2017-06-30,2017-06-30,,"Yuri!!! On Ice","Yuri!!! On Ice",https://www.imdb.com/title/tt6112556/,Minissérie de televisão,8.2,20,2016,"Animação, Comédia, Drama, Romance, Esportes",11078,2016-10-06,
66,tt4644488,2017-06-30,2017-06-30,,"Dragon Ball Super","Dragon Ball Super: Doragon bôru cho",https://www.imdb.com/title/tt4644488/,Série de TV,8.3,24,2015,"Animação, Ação, Aventura, Comédia, Família, Fantasia, Ficção científica",39283,2017-08-05,
67,tt0857297,2017-06-30,2017-06-30,,"Welcome to the N.H.K.","N.H.K ni yôkoso!",https://www.imdb.com/title/tt0857297/,Série de TV,8.2,24,2006,"Animação, Comédia, Drama, Romance, Suspense",8605,2006-07-09,
68,tt1202625,2017-08-28,2017-08-28,,"Gyakkyou Burai Kaiji: Ultimate Survivor","Gyakkyô burai Kaiji",https://www.imdb.com/title/tt1202625/,Série de TV,8.2,23,2007,"Animação, Ação, Suspense",4152,2007-10-02,
69,tt0948103,2017-06-30,2017-06-30,,"Gurren Lagann","Tengen toppa gurren lagann",https://www.imdb.com/title/tt0948103/,Série de TV,8.3,24,2007,"Animação, Ação, Aventura, Comédia, Drama, Ficção científica",22634,2007-04-01,
70,tt1334722,2017-06-30,2017-06-30,,"Baccano!","Baccano!",https://www.imdb.com/title/tt1334722/,Série de TV,8.2,24,2007,"Animação, Ação, Aventura, Comédia, Policial, Fantasia, História, Mistério, Suspense",13034,2007-07-26,
71,tt0495212,2017-06-30,2017-06-30,,"Hellsing Ultimate","Hellsing Ultimate",https://www.imdb.com/title/tt0495212/,Minissérie de televisão,8.2,50,2006,"Animação, Ação, Fantasia, Terror",28323,2006-02-10,
72,tt0091211,2017-06-30,2017-06-30,,"Hokuto no Ken","Hokuto no Ken",https://www.imdb.com/title/tt0091211/,Série de TV,8.2,25,1984,"Animação, Ação, Aventura, Drama, Fantasia, Ficção científica",3779,1984-10-04,
73,tt1992935,2018-05-17,2018-05-17,,"Mononoke","Mononoke",https://www.imdb.com/title/tt1992935/,Minissérie de televisão,8.2,25,2007,"Animação, Fantasia, Terror, Mistério",3377,2007-07-12,
74,tt2152368,2019-03-17,2019-03-17,,"Os Cavaleiros do Zodíaco: The Lost Canvas","Seinto Seiya: The Lost Canvas - Meiô Shinwa",https://www.imdb.com/title/tt2152368/,Série de TV,8.1,24,2009,"Animação, Ação, Aventura, Fantasia",2389,2009-06-24,
75,tt0251439,2017-06-30,2017-06-30,,"Trigun","Trigun",https://www.imdb.com/title/tt0251439/,Série de TV,8.2,24,1998,"Animação, Ação, Aventura, Comédia, Drama, Ficção científica",25035,1998-04-01,
76,tt0434662,2017-06-30,2017-06-30,,"Beck: Mongolian Chop Squad","Beck: Mongolian Chop Squad",https://www.imdb.com/title/tt0434662/,Série de TV,8.2,25,2004,"Animação, Drama, Musical, Romance",2808,2004-10-06,
77,tt0385426,2017-06-30,2017-06-30,,"Initial D: First Stage","Initial D: First Stage",https://www.imdb.com/title/tt0385426/,Série de TV,8.5,25,1998,"Animação, Ação, Comédia, Drama, Esportes",4526,1998-04-18,
78,tt2341375,2017-06-30,2017-06-30,,"Crianças na Encosta","Sakamichi no Apollon",https://www.imdb.com/title/tt2341375/,Minissérie de televisão,8.2,24,2012,"Animação, Drama, Musical, Romance",3541,2012-04-12,
79,tt0185070,2017-06-30,2017-06-30,,"UFO robo: Gurendaizâ","UFO robo: Gurendaizâ",https://www.imdb.com/title/tt0185070/,Série de TV,8.4,26,1975,"Animação, Ação, Aventura, Romance, Ficção científica",2627,1975-10-05,
80,tt1029248,2017-06-30,2017-06-30,,"Moribito: Guardian of the Spirit","Seirei no moribito",https://www.imdb.com/title/tt1029248/,Série de TV,8.2,25,2007,"Animação, Ação, Aventura, Fantasia",3047,2007-04-07,
81,tt2051178,2017-06-30,2017-06-30,,"Fate/Zero","Fate/Zero",https://www.imdb.com/title/tt2051178/,Série de TV,8.2,24,2011,"Animação, Ação, Aventura, Drama, Fantasia, Suspense",15558,2011-10-01,
82,tt2098308,2017-12-08,2017-12-08,,"Nichijou","Nichijou",https://www.imdb.com/title/tt2098308/,Série de TV,8.3,24,2011,"Animação, Comédia",3846,2011-04-03,
83,tt1610860,2018-07-19,2018-07-19,,"Rainbow: Nishakubou no shichinin","Rainbow: Nishakubou no shichinin",https://www.imdb.com/title/tt1610860/,Série de TV,8.2,30,2010,"Animação, Policial, Drama, História, Suspense",3240,2010-04-02,
84,tt0247117,2018-02-24,2018-02-24,,"Tanoshî Mûmin ikka","Tanoshî Mûmin ikka",https://www.imdb.com/title/tt0247117/,Série de TV,8.4,23,1990,"Animação, Aventura, Comédia, Drama, Família, Fantasia, Suspense",4911,1990-04-12,
85,tt2348803,2017-06-30,2017-06-30,,"Kuroko no Basket","Kuroko no basuke",https://www.imdb.com/title/tt2348803/,Série de TV,8.2,24,2012,"Animação, Comédia, Esportes",12841,2012-04-07,
86,tt0078692,2019-08-31,2019-08-31,,"Space Battleship Yamato","Space Battleship Yamato",https://www.imdb.com/title/tt0078692/,Série de TV,8.4,22,1979,"Animação, Ação, Aventura, Drama, Ficção científica",1646,1979-09-17,
87,tt1411815,2019-08-01,2019-08-01,,"One Outs","One Outs",https://www.imdb.com/title/tt1411815/,Série de TV,8.2,23,2008,"Animação, Drama, Esportes",2025,2008-10-07,
88,tt4731072,2017-06-30,2017-06-30,,"Food Wars: Shokugeki no Soma","Shokugeki no Soma",https://www.imdb.com/title/tt4731072/,Série de TV,8.1,24,2015,"Animação, Comédia, Drama, Fantasia, Suspense",13369,2015-03-03,
89,tt1913273,2017-06-30,2017-06-30,,"AnoHana: A Flor que Vimos Naquele Dia","Ano hi mita hana no namae o bokutachi wa mada shiranai.",https://www.imdb.com/title/tt1913273/,Minissérie de televisão,8.1,23,2011,"Animação, Aventura, Drama, Fantasia, Mistério, Romance",16736,2011-04-15,
90,tt0247902,2017-06-30,2017-06-30,,"Yu-Gi-Oh!","Yu-Gi-Oh!",https://www.imdb.com/title/tt0247902/,Série de TV,8.2,23,2000,"Animação, Ação, Aventura, Comédia, Drama, Família, Fantasia, Ficção científica, Suspense",3957,2000-04-18,
91,tt1773185,2017-06-30,2017-06-30,,"Mahô shôjo Madoka magika: Puella Magi Madoka Magica","Mahô shôjo Madoka magika: Puella Magi Madoka Magica",https://www.imdb.com/title/tt1773185/,Minissérie de televisão,8.2,24,2011,"Animação, Ação, Aventura, Drama, Fantasia, Terror, Mistério, Suspense",12129,2011-01-07,
92,tt5514358,2018-09-28,2018-09-28,,"Steins;Gate 0","Steins;Gate 0",https://www.imdb.com/title/tt5514358/,Série de TV,8.4,30,2018,"Animação, Drama, Mistério, Ficção científica, Suspense",12501,2018-04-12,
93,tt0279077,2017-06-30,2017-06-30,,"FLCL","FLCL",https://www.imdb.com/title/tt0279077/,Minissérie de televisão,8.1,30,2000,"Animação, Ação, Comédia, Drama, Ficção científica",20520,2000-04-26,
94,tt1209386,2018-09-16,2018-09-16,,"Kaiba","Kaiba",https://www.imdb.com/title/tt1209386/,Série de TV,8.0,24,2008,"Animação, Aventura, Drama, Mistério, Romance, Ficção científica",2111,2008-04-10,
95,tt0816398,2017-06-30,2017-06-30,,"Planetes","Planetes",https://www.imdb.com/title/tt0816398/,Série de TV,8.1,25,2003,"Animação, Drama, Ficção científica",4092,2003-10-04,
96,tt2379308,2017-06-30,2017-06-30,,"Psycho-Pass","Psycho-Pass",https://www.imdb.com/title/tt2379308/,Série de TV,8.1,25,2012,"Animação, Ação, Policial, Mistério, Ficção científica, Suspense",23698,2012-10-11,
97,tt0339955,2017-06-30,2017-06-30,,"Azumanga daiô","Azumanga daiô",https://www.imdb.com/title/tt0339955/,Série de TV,8.2,24,2002,"Animação, Comédia, Fantasia",3797,2002-04-09,
98,tt0096685,2019-08-31,2019-08-31,,"Ranma ½: Nettô-hen","Ranma ½: Nettô-hen",https://www.imdb.com/title/tt0096685/,Série de TV,8.1,30,1989,"Animação, Ação, Comédia, Fantasia, Romance",1958,1989-10-20,
99,tt1409055,2017-06-30,2017-06-30,,"Dragon Ball Z Kai","Dragon Ball Kai: Doragon bôru kai",https://www.imdb.com/title/tt1409055/,Série de TV,8.3,24,2009,"Animação, Ação, Aventura, Comédia, Fantasia, Ficção científica",25901,2009-04-05,
100,tt3660104,2017-06-30,2017-06-30,,"Barakamon","Barakamon",https://www.imdb.com/title/tt3660104/,Série de TV,8.2,24,2014,"Animação, Comédia, Drama",4542,2014-04,
101,tt0294885,2017-06-30,2017-06-30,,"Rurôni Kenshin: Seisô-hen","Rurôni Kenshin: Seisô-hen",https://www.imdb.com/title/tt0294885/,Minissérie de televisão,8.0,42,2001,"Animação, Aventura, Drama, História, Romance, Suspense",4443,2001-12-19,
102,tt0816397,2019-08-03,2019-08-03,,"Ôran kôkô hosutobu","Ôran kôkô hosutobu",https://www.imdb.com/title/tt0816397/,Série de TV,8.1,24,2006,"Animação, Comédia, Romance",12383,2006-04-04,
103,tt0485069,2019-04-12,2019-04-12,,"Os Cavaleiros do Zodíaco: Hades - A Saga do Inferno","Seinto Seiya: Meiou Hades Meikai Hen",https://www.imdb.com/title/tt0485069/,Série de TV,8.2,25,2005,"Animação, Ação, Aventura, Fantasia, Ficção científica, Suspense",1603,2005-12-17,
104,tt3909224,2017-06-30,2017-06-30,,"Os Sete Pecados Capitais","Nanatsu no taizai",https://www.imdb.com/title/tt3909224/,Série de TV,7.7,24,2014,"Animação, Ação, Aventura, Comédia, Fantasia",40780,2014-10-05,
105,tt1424037,2017-06-30,2017-06-30,,"Kenichi: O Discípulo Mais Forte","Shijou Saikyou no Deshi Kenichi",https://www.imdb.com/title/tt1424037/,Série de TV,8.1,25,2006,"Animação, Ação, Comédia, Romance",2525,2006-10-07,
106,tt0168436,2019-08-01,2019-08-01,,"Watashi no ashinaga ojisan","Watashi no ashinaga ojisan",https://www.imdb.com/title/tt0168436/,Série de TV,8.1,24,1990,"Animação, Comédia, Drama, Romance",1822,1990-01-14,
107,tt0409591,2017-06-30,2017-06-30,,"Naruto","Naruto",https://www.imdb.com/title/tt0409591/,Série de TV,8.4,24,2002,"Animação, Ação, Aventura, Comédia, Fantasia",140620,2002-10-03,
108,tt3639888,2018-12-23,2018-12-23,,"Kuroshitsuji: Book of Circus","Kuroshitsuji: Book of Circus",https://www.imdb.com/title/tt3639888/,Série de TV,8.1,24,2014,"Animação, Comédia, Fantasia",2444,2014-07-11,
109,tt0500092,2017-06-30,2017-06-30,,"Serial Experiments Lain","Serial Experiments Lain",https://www.imdb.com/title/tt0500092/,Minissérie de televisão,8.1,24,1998,"Animação, Drama, Terror, Mistério, Ficção científica",18973,1998-07-06,
110,tt0380113,2017-06-30,2017-06-30,,"Haibane Renmei","Haibane Renmei",https://www.imdb.com/title/tt0380113/,Série de TV,7.9,25,2002,"Animação, Drama, Fantasia",4416,2002-09-10,
111,tt0433722,2017-06-30,2017-06-30,,"Paranoia Agent","Môsô dairinin",https://www.imdb.com/title/tt0433722/,Minissérie de televisão,8.0,25,2004,"Animação, Drama, Terror, Mistério, Suspense",15108,2004-02-02,
112,tt2309320,2017-06-30,2017-06-30,,"Shin Sekai Yori","Shin Sekai Yori",https://www.imdb.com/title/tt2309320/,Série de TV,7.8,25,2012,"Animação, Ação, Aventura, Drama, Fantasia, Terror, Mistério, Ficção científica",3827,2012-09-29,
113,tt3158246,2017-06-30,2017-06-30,,"Space Dandy","Space Dandy",https://www.imdb.com/title/tt3158246/,Série de TV,8.1,24,2014,"Animação, Aventura, Comédia, Ficção científica",4864,2014-01-07,
114,tt0159192,2017-06-30,2017-06-30,,"Lupin III: Parte 2","Rupan sansei: Part II",https://www.imdb.com/title/tt0159192/,Série de TV,8.0,30,1977,"Animação, Ação, Aventura, Comédia, Policial, Fantasia, Mistério, Ficção científica",2049,1977-10-03,
115,tt0813808,2019-08-31,2019-08-31,,"Oban Star-Racers","Oban Star-Racers",https://www.imdb.com/title/tt0813808/,Série de TV,8.0,25,2006,"Animação, Ação, Aventura, Ficção científica",2224,2006-11-20,
116,tt0159193,2017-06-30,2017-06-30,,"Shin kidô senki Gundam W","Shin kidô senki Gundam W",https://www.imdb.com/title/tt0159193/,Série de TV,8.0,30,1995,"Animação, Ação, Aventura, Drama, Romance, Ficção científica",5081,2002-07-01,
117,tt1134000,2017-06-30,2017-06-30,,"Gundam 00","Kidô Senshi Gundam 00",https://www.imdb.com/title/tt1134000/,Série de TV,8.0,24,2007,"Animação, Ação, Drama, Ficção científica",2833,2007-10-06,
118,tt0327386,2017-06-30,2017-06-30,,"The Twelve Kingdoms","Juuni Kokuki",https://www.imdb.com/title/tt0327386/,Série de TV,7.9,,2002,"Animação, Aventura, Drama, Fantasia",2304,2002-04-09,
119,tt1352421,2018-01-24,2018-01-24,,"Natsume yûjinchô","Natsume yûjinchô",https://www.imdb.com/title/tt1352421/,Série de TV,8.1,24,2008,"Animação, Comédia, Drama, Fantasia, Terror, Mistério",2777,2008-07-07,
120,tt0367409,2017-06-30,2017-06-30,,"Shaman King","Shaman Kingu",https://www.imdb.com/title/tt0367409/,Série de TV,8.0,,2001,"Animação, Ação, Aventura, Fantasia",6766,2002-10-07,
121,tt2320220,2017-06-30,2017-06-30,,"Beijo Espectral","Kamisama hajimemashita",https://www.imdb.com/title/tt2320220/,Série de TV,8.1,23,2012,"Animação, Comédia, Fantasia, Romance",5704,2012-10-01,
122,tt3957196,2017-09-15,2017-09-15,,"Akatsuki no Yona","Akatsuki no Yona",https://www.imdb.com/title/tt3957196/,Série de TV,8.0,24,2014,"Animação, Ação, Aventura, Comédia, Drama, Fantasia, Romance",5537,2014-10-07,
123,tt8019444,2018-05-21,2018-05-21,,"Aggretsuko","Aggretsuko",https://www.imdb.com/title/tt8019444/,Série de TV,8.0,15,2018,"Animação, Curta-Metragem, Comédia, Drama, Musical, Musical, Romance",7722,2018-04-20,
124,tt1279024,2017-06-30,2017-06-30,,"Toradora!","Toradora!",https://www.imdb.com/title/tt1279024/,Série de TV,7.9,24,2008,"Animação, Comédia, Drama, Romance",20297,2008-10-02,
125,tt1634208,2017-06-30,2017-06-30,,"Kaichou wa meido-sama!","Kaichou wa meido-sama!",https://www.imdb.com/title/tt1634208/,Série de TV,7.9,24,2010,"Animação, Comédia, Romance",9531,2010-04-01,
126,tt0434665,2017-06-30,2017-06-30,,"Bleach","Bleach",https://www.imdb.com/title/tt0434665/,Série de TV,8.2,24,2004,"Animação, Ação, Aventura, Fantasia",78522,2008-05-06,
127,tt9529546,2019-06-01,2019-06-01,,"The Rising of the Shield Hero","Tate no Yuusha no Nariagari",https://www.imdb.com/title/tt9529546/,Série de TV,7.8,24,2019,"Animação, Ação, Aventura, Comédia, Drama, Fantasia, Romance",19275,2019-01-09,
128,tt0791205,2017-06-30,2017-06-30,,"Ergo Proxy","Ergo Proxy",https://www.imdb.com/title/tt0791205/,Série de TV,7.9,27,2006,"Animação, Ação, Aventura, Drama, Mistério, Ficção científica, Suspense",17273,2006-02-25,
129,tt0159569,2018-04-25,2018-04-25,,"Gundam 08TH","Kidô senshi Gundam: Dai 08 MS shôtai",https://www.imdb.com/title/tt0159569/,Minissérie de televisão,7.9,25,1996,"Animação, Ação, Drama, Romance, Ficção científica, Guerra",2019,1996-01-25,
130,tt0962826,2017-06-30,2017-06-30,,"Black Lagoon","Black Lagoon",https://www.imdb.com/title/tt0962826/,Série de TV,7.9,25,2006,"Animação, Ação, Aventura, Policial, Drama, Suspense",19053,2006-04-08,
131,tt0159172,2017-06-30,2017-06-30,,"Mobile Suit Gundam","Kidô senshi Gandamu",https://www.imdb.com/title/tt0159172/,Série de TV,7.9,30,1979,"Animação, Ação, Aventura, Drama, Fantasia, Ficção científica, Guerra",2990,1979-04-07,
132,tt0205410,2018-12-24,2018-12-24,,"Shôjo kakumei Utena","Shôjo kakumei Utena",https://www.imdb.com/title/tt0205410/,Série de TV,8.1,24,1997,"Animação, Comédia, Drama, Fantasia, Romance, Suspense",2175,1997-04-02,
133,tt0159175,2017-06-30,2017-06-30,,"Lupin III: Parte 1","Rupan sansei",https://www.imdb.com/title/tt0159175/,Série de TV,7.9,23,1971,"Animação, Ação, Aventura, Comédia, Policial, Mistério",2547,1971-10-24,
134,tt6352180,2018-03-21,2018-03-21,,"Little Witch Academia","Little Witch Academia",https://www.imdb.com/title/tt6352180/,Série de TV,7.8,25,2017,"Animação, Aventura, Comédia, Família, Fantasia",4352,2017-01-09,
135,tt0985344,2017-06-30,2017-06-30,,"Claymore","Kureimoa",https://www.imdb.com/title/tt0985344/,Série de TV,8.0,24,2007,"Animação, Ação, Aventura, Drama, Fantasia, Terror, Mistério",15853,2007-04-03,
136,tt0367439,2017-06-30,2017-06-30,,"Wolf's Rain","Wolf's Rain",https://www.imdb.com/title/tt0367439/,Série de TV,7.9,701,2003,"Animação, Ação, Aventura, Drama, Fantasia, Ficção científica",8508,2003-01-06,
137,tt0437719,2017-09-22,2017-09-22,,"Gankutsu-ô","Gankutsu-ô",https://www.imdb.com/title/tt0437719/,Série de TV,7.9,24,2004,"Animação, Drama, Mistério, Ficção científica, Suspense",2849,2004-10-05,
138,tt1480925,2017-06-30,2017-06-30,,"Bakemonogatari","Bakemonogatari",https://www.imdb.com/title/tt1480925/,Série de TV,8.0,,2009,"Animação, Ação, Comédia, Drama, Fantasia, Mistério, Romance, Suspense",7031,2009-07-03,
139,tt0318898,2017-06-30,2017-06-30,,"Ima, Soko Ni Iru Boku","Ima, soko ni iru boku",https://www.imdb.com/title/tt0318898/,Série de TV,7.8,25,1999,"Animação, Ação, Aventura, Drama, Fantasia, Ficção científica",2014,1999-10-14,
140,tt1738419,2017-06-30,2017-06-30,,"Bakuman.","Bakuman.",https://www.imdb.com/title/tt1738419/,Série de TV,8.0,24,2010,"Animação, Comédia, Drama, Romance",2852,2010-10-02,
141,tt3621796,2017-06-30,2017-06-30,,"Fate/stay night [Unlimited Blade Works]","Fate/stay night: Unlimited Blade Works",https://www.imdb.com/title/tt3621796/,Série de TV,8.0,24,2014,"Animação, Ação, Aventura, Drama, Fantasia",9483,2014-10-05,
142,tt4279012,2017-06-30,2017-06-30,,"Death Parade","Death Parade",https://www.imdb.com/title/tt4279012/,Minissérie de televisão,7.8,24,2015,"Animação, Drama, Mistério, Suspense",21794,2015-01-10,
143,tt0435961,2017-06-30,2017-06-30,,"Gungrave","Gangureivu",https://www.imdb.com/title/tt0435961/,Série de TV,7.9,25,2003,"Animação, Ação, Policial, Drama, Terror, Mistério, Ficção científica",5487,2003-10-06,
144,tt0159145,2017-06-30,2017-06-30,,"Golden Boy","Golden Boy: Sasurai no o-benkyô yarô",https://www.imdb.com/title/tt0159145/,Minissérie de televisão,8.0,28,1995,"Animação, Comédia",7940,1995-10-27,
145,tt1158671,2017-06-30,2017-06-30,,"Ôkami to kôshinryô","Ôkami to kôshinryô",https://www.imdb.com/title/tt1158671/,Série de TV,7.7,24,2008,"Animação, Aventura, Drama, Fantasia, Romance",5329,2008-01-08,
146,tt3225270,2017-06-30,2017-06-30,,"Noragami","Noragami",https://www.imdb.com/title/tt3225270/,Série de TV,7.8,24,2014,"Animação, Ação, Aventura, Comédia, Fantasia",20368,2014-01-05,
147,tt8993398,2019-06-01,2019-06-01,,"Rascal Does Not Dream of Bunny Girl Senpai","Seishun buta yaro wa Bunny Girl-senpai no yume wo minai",https://www.imdb.com/title/tt8993398/,Série de TV,8.0,24,2018,"Animação, Drama, Fantasia, Mistério, Romance, Suspense",18987,2018-10-04,
148,tt3837246,2017-06-30,2017-06-30,,"Assassination Classroom","Ansatsu kyôshitsu",https://www.imdb.com/title/tt3837246/,Série de TV,8.0,23,2013,"Animação, Ação, Comédia, Família, Fantasia, Ficção científica",23148,2015-01-09,
149,tt1587394,2017-06-30,2017-06-30,,"Lovely Complex","Lovely Complex",https://www.imdb.com/title/tt1587394/,Série de TV,7.9,24,2007,"Animação, Comédia, Romance",3571,2007-04-07,
150,tt5607616,2017-06-30,2017-06-30,,"Re: Zero - Starting Life in Another World","Re:Zero kara Hajimeru Isekai Seikatsu",https://www.imdb.com/title/tt5607616/,Série de TV,8.1,24,2016,"Animação, Aventura, Drama, Fantasia, Terror, Mistério, Romance, Suspense",29528,2016-04-03,
151,tt0270761,2017-06-30,2017-06-30,,"Candy Candy","Kyandi Kyandi",https://www.imdb.com/title/tt0270761/,Série de TV,8.0,30,1976,"Animação, Drama, Família, Romance",2017,1976-10-01,
152,tt0294023,2017-06-30,2017-06-30,,"Super Campeões","Kyaputen Tsubasa",https://www.imdb.com/title/tt0294023/,Série de TV,7.9,25,1983,"Animação, Comédia, Drama, Família, Esportes",8199,1983-10-13,
153,tt3218680,2017-06-30,2017-06-30,,"Pokémon Origins","Pokémon Origins",https://www.imdb.com/title/tt3218680/,Minissérie de televisão,7.9,25,2013,"Animação, Ação, Aventura, Fantasia",3436,2013-10-02,
154,tt1068433,2017-08-30,2017-08-30,,"Higurashi no naku koro ni: Kai","Higurashi no naku koro ni: Kai",https://www.imdb.com/title/tt1068433/,Série de TV,8.0,25,2007,"Animação, Drama, Terror, Mistério, Suspense",2912,2007-07-05,
155,tt0845738,2017-06-30,2017-06-30,,"Quando as Cigarras Choram","Higurashi no naku koro ni",https://www.imdb.com/title/tt0845738/,Série de TV,7.8,24,2006,"Animação, Drama, Terror, Mistério, Suspense",6816,2006-04-05,
156,tt0480489,2017-06-30,2017-06-30,,"Uma Canção Élfica","Erufen rîto",https://www.imdb.com/title/tt0480489/,Minissérie de televisão,7.9,24,2004,"Animação, Ação, Drama, Terror, Mistério, Ficção científica, Suspense",38571,2008-12-05,
157,tt1528406,2017-06-30,2017-06-30,,"Fairy Tail","Fairy Tail",https://www.imdb.com/title/tt1528406/,Série de TV,7.9,24,2009,"Animação, Ação, Aventura, Comédia, Família, Fantasia",29745,2009-10-06,
158,tt0096591,2017-06-30,2017-06-30,,"Fushigi no Umi no Nadia","Fushigi no Umi no Nadia",https://www.imdb.com/title/tt0096591/,Série de TV,7.8,25,1990,"Animação, Ação, Aventura, Drama, Fantasia, Romance, Ficção científica",2141,1990-04-13,
159,tt1506339,2019-08-31,2019-08-31,,"Eve no jikan","Eve no jikan",https://www.imdb.com/title/tt1506339/,Minissérie de televisão,7.7,15,2008,"Animação, Drama, Ficção científica",1485,2008-07-31,
160,tt3114390,2017-06-30,2017-06-30,,"Kill la Kill","Kiru ra kiru: KILL la KILL",https://www.imdb.com/title/tt3114390/,Série de TV,7.9,25,2013,"Animação, Ação, Comédia, Drama, Fantasia, Ficção científica",17778,2013-10-03,
161,tt1992386,2017-08-30,2017-08-30,,"Black Lagoon: Roberta's Blood Trail","Black Lagoon: Roberta's Blood Trail",https://www.imdb.com/title/tt1992386/,Minissérie de televisão,7.7,34,2010,"Animação, Ação, Aventura, Policial, Drama, Suspense",3947,2010-06-26,
162,tt0390733,2017-06-30,2017-06-30,,"Last Exile","Last Exile",https://www.imdb.com/title/tt0390733/,Série de TV,7.8,,2003,"Animação, Ação, Aventura, Fantasia, Ficção científica",3958,2003-04-06,
163,tt0211145,2017-06-30,2017-06-30,,"Digimon","Dejimon Adobenchâ",https://www.imdb.com/title/tt0211145/,Série de TV,7.9,30,1999,"Animação, Ação, Aventura, Comédia, Drama, Família, Ficção científica",7223,2000-07-01,
164,tt7965802,2019-02-03,2019-02-03,,"Megalo Box","Megalobox",https://www.imdb.com/title/tt7965802/,Série de TV,7.8,24,2018,"Animação, Ação, Drama, Ficção científica, Esportes",4101,2018-04-06,
165,tt7326322,2018-09-16,2018-09-16,,"A Noiva do Mago","Mahô Tsukai no Yome",https://www.imdb.com/title/tt7326322/,Série de TV,7.6,25,2017,"Animação, Drama, Fantasia, Terror, Mistério, Romance",4324,2017-10-07,
166,tt0816407,2017-06-30,2017-06-30,,"Suzumiya Haruhi no yûutsu","Suzumiya Haruhi no yûutsu",https://www.imdb.com/title/tt0816407/,Série de TV,7.7,24,2006,"Animação, Comédia, Drama, Fantasia, Ficção científica",9466,2006-04-02,
167,tt0266171,2017-11-28,2017-11-28,,"Outlaw Star","Outlaw Star",https://www.imdb.com/title/tt0266171/,Série de TV,7.9,,1998,"Animação, Ação, Aventura, Comédia, Drama, Ficção científica, Faroeste",4255,1998-01-08,
168,tt0096686,2017-06-30,2017-06-30,,"Ranma ½","Ranma ½",https://www.imdb.com/title/tt0096686/,Série de TV,7.9,23,1989,"Animação, Ação, Comédia, Fantasia, Romance",6041,1989-04-15,
169,tt0765491,2017-06-30,2017-06-30,,"Kôkyô shihen Eureka Sebun","Kôkyô shihen Eureka Sebun",https://www.imdb.com/title/tt0765491/,Série de TV,7.8,25,2005,"Animação, Ação, Aventura, Drama, Romance, Ficção científica",3395,2005-04-17,
170,tt0221735,2017-06-30,2017-06-30,,"Sakura Card Captors","Kadokyaputa Sakura",https://www.imdb.com/title/tt0221735/,Série de TV,8.0,30,1998,"Animação, Ação, Aventura, Comédia, Drama, Família, Fantasia, Romance",5913,2000-11-01,
171,tt1214085,2017-06-30,2017-06-30,,"Soul Eater","Sôru îtâ",https://www.imdb.com/title/tt1214085/,Série de TV,7.8,24,2008,"Animação, Ação, Aventura, Comédia, Fantasia, Terror",15175,2008-04-07,
172,tt0110426,2018-03-15,2018-03-15,,"Macross Plus","Macross Plus",https://www.imdb.com/title/tt0110426/,Minissérie de televisão,7.8,35,1994,"Animação, Aventura, Drama, Musical, Ficção científica",4107,1994-08-25,
173,tt0856348,2017-06-30,2017-06-30,,"Basilisk: O Pergaminho Secreto dos Kougas","Basilisk: Kôga ninpô chô",https://www.imdb.com/title/tt0856348/,Série de TV,7.8,25,2005,"Animação, Ação, Aventura, Drama, Fantasia, História, Terror, Romance",4499,2005-04-12,
174,tt0290223,2017-06-30,2017-06-30,,"InuYasha","Inuyasha",https://www.imdb.com/title/tt0290223/,Série de TV,7.9,22,2000,"Animação, Ação, Aventura, Comédia, Drama, Fantasia, Romance",18652,2002-12-02,
175,tt0328738,2017-10-09,2017-10-09,,"Fruits Basket","Fruits Basket",https://www.imdb.com/title/tt0328738/,Série de TV,7.8,24,2001,"Animação, Comédia, Drama, Fantasia, Romance",6390,2020-07-03,
176,tt4834194,2017-06-30,2017-06-30,,"Yu-Gi-Oh!","Yu-Gi-Oh!",https://www.imdb.com/title/tt4834194/,Série de TV,7.7,,1998,"Animação, Aventura, Comédia, Drama, Fantasia",2214,1998-04-04,
177,tt1584000,2017-06-30,2017-06-30,,"Durarara!!","Durarara!!",https://www.imdb.com/title/tt1584000/,Série de TV,7.8,24,2010,"Animação, Comédia, Policial, Drama, Suspense",8206,2010-01-07,
178,tt3431758,2017-06-30,2017-06-30,,"No Game, No Life","No Game, No Life",https://www.imdb.com/title/tt3431758/,Série de TV,7.6,23,2014,"Animação, Aventura, Comédia, Fantasia",19683,2014-04-09,
179,tt0325547,2017-06-30,2017-06-30,,"Hellsing","Herushingu",https://www.imdb.com/title/tt0325547/,Minissérie de televisão,7.7,23,2001,"Animação, Ação, Fantasia, Terror",19114,2001-10-10,
180,tt3613454,2017-06-30,2017-06-30,,"Zankyou no Terror","Zankyô no teroru",https://www.imdb.com/title/tt3613454/,Minissérie de televisão,7.8,23,2014,"Animação, Policial, Drama, Mistério, Suspense",14874,2014-07-11,
181,tt1118804,2017-06-30,2017-06-30,,"Clannad","Kuranado",https://www.imdb.com/title/tt1118804/,Série de TV,8.2,24,2007,"Animação, Comédia, Drama, Fantasia, Romance",15480,2007-10-05,
182,tt2425098,2017-06-30,2017-06-30,,"Magi: The Labyrinth of Magic","Magi: The Labyrinth of Magic",https://www.imdb.com/title/tt2425098/,Série de TV,7.8,25,2012,"Animação, Ação, Aventura, Comédia, Fantasia",5043,2012-10-07,
183,tt3741634,2017-06-30,2017-06-30,,"Tokyo Ghoul","Tokyo Ghoul",https://www.imdb.com/title/tt3741634/,Minissérie de televisão,7.7,24,2014,"Animação, Ação, Drama, Fantasia, Terror, Suspense",70418,2014-07-03,
184,tt3124992,2017-06-30,2017-06-30,,"Sailor Moon Crystal","Bishôjo senshi Sêrâ Mûn Crystal",https://www.imdb.com/title/tt3124992/,Série de TV,7.8,24,2014,"Animação, Ação, Aventura, Comédia, Drama, Fantasia, Romance, Ficção científica",2645,2014-07-05,
185,tt3742982,2017-06-30,2017-06-30,,"Akame ga Kill!","Akame ga Kill!",https://www.imdb.com/title/tt3742982/,Série de TV,7.8,24,2014,"Animação, Ação, Comédia, Drama, Fantasia, Suspense",32668,2014-06-01,
186,tt7441658,2018-09-07,2018-09-07,,"Black Clover","Black Clover",https://www.imdb.com/title/tt7441658/,Série de TV,8.2,24,2017,"Animação, Ação, Aventura, Comédia, Drama, Família, Fantasia, Ficção científica, Suspense",39672,2017-10-03,
187,tt0138919,2017-10-09,2017-10-09,,"Tenkuu no Escaflowne","Tenkû no Esukafurône",https://www.imdb.com/title/tt0138919/,Série de TV,7.8,30,1996,"Animação, Ação, Aventura, Comédia, Drama, Fantasia, Romance, Ficção científica, Suspense, Guerra",4620,1996-04-02,
188,tt0202430,2017-09-21,2017-09-21,,"Kare Kano","Kareshi kanojo no jijou",https://www.imdb.com/title/tt0202430/,Série de TV,7.6,24,1998,"Animação, Comédia, Drama, Romance",1771,1998-10-02,
189,tt2340841,2017-07-23,2017-07-23,,"Hyouka","Hyouka",https://www.imdb.com/title/tt2340841/,Série de TV,7.7,24,2012,"Animação, Comédia, Drama, Família, Mistério",6640,2012-04-22,
190,tt0995941,2017-06-30,2017-06-30,,"Darker Than Black: Kuro no keiyakusha","Darker Than Black: Kuro no keiyakusha",https://www.imdb.com/title/tt0995941/,Série de TV,7.7,24,2007,"Animação, Ação, Policial, Drama, Fantasia, Terror, Mistério, Ficção científica, Suspense",12841,2007-04-05,
191,tt2942218,2017-06-30,2017-06-30,,"Rogu Horaizun","Rogu Horaizun",https://www.imdb.com/title/tt2942218/,Série de TV,7.5,25,2013,"Animação, Ação, Aventura, Comédia, Fantasia, Romance, Ficção científica",5074,2013-10-05,
192,tt0878036,2018-05-27,2018-05-27,,"School Rumble","School Rumble",https://www.imdb.com/title/tt0878036/,Série de TV,7.8,25,2004,"Animação, Comédia, Romance",2234,2004-10-05,
193,tt1316554,2017-06-30,2017-06-30,,"Kuroshitsuji","Kuroshitsuji",https://www.imdb.com/title/tt1316554/,Série de TV,7.6,24,2008,"Animação, Ação, Comédia, Policial, Drama, Fantasia, Terror, Mistério, Suspense",9969,2008-10-02,
194,tt1745240,2017-06-30,2017-06-30,,"Kimi ni todoke","Kimi ni todoke",https://www.imdb.com/title/tt1745240/,Série de TV,7.8,24,2009,"Animação, Comédia, Drama, Romance",6276,2009-10-06,
195,tt4542568,2018-09-24,2018-09-24,,"Akagami no Shirayuki-hime","Akagami no Shirayuki-hime",https://www.imdb.com/title/tt4542568/,Série de TV,7.6,24,2015,"Animação, Drama, Fantasia, Romance",4065,2015-07-06,
196,tt3398976,2017-06-30,2017-06-30,,"Sidonia no Kishi","Sidonia no Kishi",https://www.imdb.com/title/tt3398976/,Série de TV,7.7,,2014,"Animação, Ação, Aventura, Terror, Ficção científica, Suspense",4738,2014-04-10,
197,tt1639109,2017-06-30,2017-06-30,,"Angel Beats!","Angel Beats!",https://www.imdb.com/title/tt1639109/,Série de TV,7.6,25,2010,"Animação, Ação, Comédia, Drama, Família, Fantasia",16783,2010-04-02,
198,tt1233119,2017-08-22,2017-08-22,,"Shigurui","Shigurui",https://www.imdb.com/title/tt1233119/,Série de TV,7.7,24,2007,"Animação, Ação, Drama, Suspense",2834,2007-07-19,
199,tt0245612,2018-03-15,2018-03-15,,"Shinchan","Shinchan",https://www.imdb.com/title/tt0245612/,Série de TV,8.0,25,2006,"Animação, Comédia",6296,2006-08-21,
200,tt2703720,2017-07-20,2017-07-20,,"My Youth Romantic Comedy Is Wrong, As I Expected","Yahari ore no seishun rabukome wa machigatteiru.",https://www.imdb.com/title/tt2703720/,Série de TV,7.9,24,2013,"Animação, Comédia, Drama, Romance",10132,2013-04-05,
201,tt2180883,2019-01-25,2019-01-25,,"Daily Lives of High School Boys","Danshi kôkôsei no nichijô",https://www.imdb.com/title/tt2180883/,Série de TV,7.7,24,2012,"Animação, Comédia, Drama",3129,2012-01-09,
202,tt2296348,2017-06-30,2017-06-30,,"Sakurasou no Pet na Kanojo","Sakurasou no Pet na Kanojo",https://www.imdb.com/title/tt2296348/,Série de TV,7.6,24,2012,"Animação, Comédia, Drama, Romance",5535,2012-10-09,
203,tt0098492,2018-06-14,2018-06-14,,"Gunbuster","Top wo Nerae!",https://www.imdb.com/title/tt0098492/,Minissérie de televisão,7.7,30,1988,"Animação, Ação, Drama, Ficção científica",2139,1988-10-07,
204,tt5497534,2017-06-30,2017-06-30,,"Tokyo Ghoul: Root A","Tokyo Ghoul: Root A",https://www.imdb.com/title/tt5497534/,Minissérie de televisão,7.5,24,2015,"Animação, Ação, Drama, Fantasia, Terror, Suspense",18160,2015-01-09,
205,tt1727444,2017-09-14,2017-09-14,,"Panti & Sutokkingu with Gâtâberuto","Panti & Sutokkingu with Gâtâberuto",https://www.imdb.com/title/tt1727444/,Série de TV,7.3,23,2010,"Animação, Ação, Comédia, Fantasia",3139,2010-10-01,
206,tt6660498,2018-01-13,2018-01-13,,"Devilman: Crybaby","Devilman: Crybaby",https://www.imdb.com/title/tt6660498/,Minissérie de televisão,7.6,25,2018,"Animação, Ação, Drama, Fantasia, Terror",31101,2018-01-05,
207,tt0374407,2018-02-04,2018-02-04,,"Kidô senshi Gundam Seed","Kidô senshi Gundam Seed",https://www.imdb.com/title/tt0374407/,Série de TV,7.7,50,2002,"Animação, Ação, Aventura, Drama, Ficção científica, Guerra",2833,2002-10-05,
208,tt0482424,2018-03-15,2018-03-15,,"Samurai 7","Samurai 7",https://www.imdb.com/title/tt0482424/,Série de TV,7.6,,2004,"Animação, Ação, Aventura, Ficção científica",4581,2004-06-12,
209,tt0465316,2017-06-30,2017-06-30,,"Afro Samurai","Afro Samurai",https://www.imdb.com/title/tt0465316/,Minissérie de televisão,7.6,26,2007,"Animação, Ação, Aventura, Drama, Fantasia",18875,2007-01-04,
210,tt0409630,2018-01-31,2018-01-31,,"Texhnolyze","Tekunoraizu",https://www.imdb.com/title/tt0409630/,Série de TV,7.5,,2003,"Animação, Policial, Drama, Mistério, Ficção científica, Suspense",3328,2003-04-16,
211,tt5370118,2017-06-30,2017-06-30,,"Konosuba: As Bençãos de Deus Neste Mundo Maravilhoso","Kono subarashii sekai ni shukufuku o!",https://www.imdb.com/title/tt5370118/,Série de TV,7.8,24,2016,"Animação, Aventura, Comédia, Fantasia",16773,2016-01-12,
212,tt2250192,2017-06-30,2017-06-30,,"Sword Art Online","Sword Art Online",https://www.imdb.com/title/tt2250192/,Série de TV,7.5,24,2012,"Animação, Ação, Aventura, Fantasia, Romance, Ficção científica, Suspense",56086,2012-06-24,
213,tt0069576,2017-07-08,2017-07-08,,"Doraemon","Doraemon",https://www.imdb.com/title/tt0069576/,Série de TV,8.1,25,1979,"Animação, Aventura, Comédia, Drama, Fantasia, Ficção científica",5483,1992-10,
214,tt4869896,2017-06-30,2017-06-30,,"Overlord","Ôbârôdo",https://www.imdb.com/title/tt4869896/,Série de TV,7.6,30,2015,"Animação, Ação, Aventura, Fantasia, Ficção científica",15693,2015-07-07,
215,tt5857720,2018-02-04,2018-02-04,,"ReLIFE","ReLIFE",https://www.imdb.com/title/tt5857720/,Série de TV,7.8,24,2016,"Animação, Comédia, Drama, Romance",7267,2016-06-24,
216,tt1415054,2017-07-21,2017-07-21,,"Higashi no Eden","Higashi no Eden",https://www.imdb.com/title/tt1415054/,Minissérie de televisão,7.4,23,2009,"Animação, Ação, Comédia, Drama, Mistério, Romance, Suspense",4161,2009-04-09,
217,tt2622982,2017-07-17,2017-07-17,,"Hataraku Maou-sama!","Hataraku Maou-sama!",https://www.imdb.com/title/tt2622982/,Série de TV,7.5,24,2013,"Animação, Ação, Comédia, Fantasia",9139,2013-04-05,
218,tt3615002,2017-07-20,2017-07-20,,"Mangá Mensal do Nozaki Para Garotas","Gekkan shôjo Nozaki-kun",https://www.imdb.com/title/tt3615002/,Série de TV,7.5,23,2014,"Animação, Comédia, Romance",4387,2014-06-01,
219,tt0928093,2017-08-22,2017-08-22,,"Kanon","Kanon",https://www.imdb.com/title/tt0928093/,Série de TV,7.5,22,2006,"Animação, Comédia, Drama, Família, Fantasia, Romance",1680,2006-10-05,
220,tt1347975,2017-10-09,2017-10-09,,"Phantom: Requiem for the Phantom","Phantom: Requiem for the Phantom",https://www.imdb.com/title/tt1347975/,Série de TV,7.5,25,2009,"Animação, Ação, Policial, Drama, Mistério, Suspense",2014,2009-04-02,
221,tt2176165,2017-06-30,2017-06-30,,"Another","Anazâ",https://www.imdb.com/title/tt2176165/,Minissérie de televisão,7.5,22,2012,"Animação, Drama, Fantasia, Terror, Mistério, Suspense",19514,2012-04-29,
222,tt2178501,2017-10-30,2017-10-30,,"Nisemonogatari","Nisemonogatari",https://www.imdb.com/title/tt2178501/,Minissérie de televisão,7.6,25,2012,"Animação, Comédia, Drama, Fantasia, Romance",3288,2012-01-07,
223,tt5225764,2018-04-23,2018-04-23,,"Drifters","Drifters",https://www.imdb.com/title/tt5225764/,Série de TV,7.6,24,2016,"Animação, Ação, Aventura, Fantasia",4179,2016-10-07,
224,tt2016670,2017-10-09,2017-10-09,,"Shiki","Shiki",https://www.imdb.com/title/tt2016670/,Série de TV,7.6,24,2010,"Animação, Drama, Terror, Mistério, Suspense",4184,2010-06-27,
225,tt5839706,2018-05-27,2018-05-27,,"91 Days","91 Days",https://www.imdb.com/title/tt5839706/,Minissérie de televisão,7.6,24,2016,"Animação, Policial, Drama, História, Suspense",6089,2016-07-08,
226,tt0488477,2017-10-09,2017-10-09,,"XXXHOLiC","XXXHOLiC",https://www.imdb.com/title/tt0488477/,Série de TV,7.6,,2006,"Animação, Comédia, Drama, Fantasia, Terror, Mistério, Romance, Suspense",2155,2006-04-06,
227,tt5537534,2017-07-14,2017-07-14,,"Ajin","Ajin",https://www.imdb.com/title/tt5537534/,Série de TV,7.5,24,2016,"Animação, Ação, Aventura, Drama, Fantasia, Terror, Mistério, Ficção científica, Suspense",7382,2016-01-16,
228,tt6340502,2018-09-11,2018-09-11,,"Inuyashiki","Inuyashiki",https://www.imdb.com/title/tt6340502/,Minissérie de televisão,7.7,24,2017,"Animação, Ação, Drama, Terror, Ficção científica",5713,2017-10-12,
229,tt2069441,2017-06-30,2017-06-30,,"Diário do Futuro","Mirai nikki",https://www.imdb.com/title/tt2069441/,Série de TV,7.4,25,2011,"Animação, Ação, Comédia, Drama, Terror, Mistério, Romance, Suspense",21266,2011-10-09,
230,tt4917066,2017-09-26,2017-09-26,,"Prison School","Kangoku gakuen",https://www.imdb.com/title/tt4917066/,Série de TV,7.5,24,2015,"Animação, Comédia",8393,2015-07-11,
231,tt2230051,2017-07-03,2017-07-03,,"High School DxD","High School DxD",https://www.imdb.com/title/tt2230051/,Série de TV,7.5,23,2012,"Animação, Ação, Comédia, Fantasia, Romance",14779,2012-01-06,
232,tt0295080,2017-06-30,2017-06-30,,"Digimon","Dejimon Teimâzu",https://www.imdb.com/title/tt0295080/,Série de TV,7.6,,2001,"Animação, Ação, Aventura, Comédia, Drama, Família, Fantasia, Ficção científica, Suspense",2428,2001-04-01,
233,tt0114327,2017-06-30,2017-06-30,,"Sailor Moon","Sailor Moon",https://www.imdb.com/title/tt0114327/,Série de TV,7.6,24,1995,"Animação, Ação, Aventura, Comédia, Família, Fantasia, Romance, Ficção científica",13410,1999-11-16,
234,tt0103369,2017-06-30,2017-06-30,,"Sailor Moon","Bishôjo senshi Sêrâ Mûn",https://www.imdb.com/title/tt0103369/,Série de TV,7.7,30,1992,"Animação, Ação, Aventura, Comédia, Família, Fantasia, Romance",8107,1996-05-06,
235,tt0328739,2017-07-23,2017-07-23,,"Full Metal Panic!","Full Metal Panic!",https://www.imdb.com/title/tt0328739/,Série de TV,7.6,24,2002,"Animação, Ação, Aventura, Comédia, Romance, Ficção científica",6045,2002-01-08,
236,tt0482855,2017-10-09,2017-10-09,,"Blood+","Blood+",https://www.imdb.com/title/tt0482855/,Série de TV,7.6,,2005,"Animação, Ação, Aventura, Drama, Fantasia, Terror, Ficção científica, Suspense",5003,2005-10-08,
237,tt0312258,2017-10-09,2017-10-09,,"X","Ekkusu",https://www.imdb.com/title/tt0312258/,Série de TV,7.5,24,2001,"Animação, Ação, Drama, Fantasia, Suspense",1908,2001-10-03,
238,tt1799631,2017-06-30,2017-06-30,,"Ao no ekusoshisuto","Ao no ekusoshisuto",https://www.imdb.com/title/tt1799631/,Série de TV,7.4,30,2011,"Animação, Ação, Drama, Fantasia, Terror",15841,2011-04-17,
239,tt0107731,2018-05-27,2018-05-27,,"Oh! My Goddess","Aa! Megamisama!",https://www.imdb.com/title/tt0107731/,Minissérie de televisão,7.4,160,1993,"Animação, Comédia, Drama, Fantasia, Romance",1293,1993-02-21,
240,tt1882240,2017-08-03,2017-08-03,,"Beelzebub","Beelzebub",https://www.imdb.com/title/tt1882240/,Série de TV,7.5,,2011,"Animação, Ação, Comédia, Drama, Fantasia",2443,2011-01-09,
241,tt0985285,2018-02-27,2018-02-27,,"Ghost Hunt","Ghost Hunt",https://www.imdb.com/title/tt0985285/,Série de TV,7.4,25,2006,"Animação, Comédia, Drama, Terror, Mistério, Suspense",1691,2006-10-03,
242,tt0240493,2017-07-21,2017-07-21,,"Animê Experimental Excel Saga","Heppoko jikken animêshon excel saga",https://www.imdb.com/title/tt0240493/,Série de TV,7.5,,1999,"Animação, Comédia, Drama, Ficção científica",1489,1999-10-08,
243,tt0112166,2017-08-18,2017-08-18,,"Slayers","Sureiyâzu",https://www.imdb.com/title/tt0112166/,Série de TV,7.5,25,1995,"Animação, Ação, Aventura, Comédia, Drama, Família, Fantasia",2461,1995-04-07,
244,tt1410218,2017-06-30,2017-06-30,,"K-On!","K-On!",https://www.imdb.com/title/tt1410218/,Série de TV,7.8,24,2009,"Animação, Comédia, Drama, Família, Musical",4863,2009-04-02,
245,tt4958580,2017-06-30,2017-06-30,,"Gate: Jieitai Kanochi nite, Kaku Tatakaeri","Gate: Jieitai Kanochi nite, Kaku Tatakaeri",https://www.imdb.com/title/tt4958580/,Série de TV,7.5,24,2015,"Animação, Ação, Aventura, Comédia, Fantasia, Guerra",4464,2015-07-04,
246,tt6185782,2018-07-04,2018-07-04,,"A Empregada Dragão da Senhorita Kobayashi","Kobayashi-san Chi No Maid Dragon",https://www.imdb.com/title/tt6185782/,Série de TV,7.7,24,2017,"Animação, Comédia, Fantasia",5675,2018-01-25,
247,tt0477543,2017-10-09,2017-10-09,,"Tsubasa kuronikuru","Tsubasa kuronikuru",https://www.imdb.com/title/tt0477543/,Série de TV,7.2,25,2005,"Animação, Ação, Aventura, Drama, Família, Fantasia, Romance",1405,2005-04-09,
248,tt5341430,2018-04-23,2018-04-23,,"Hai to gensô no Grimgar","Hai to gensô no Grimgar",https://www.imdb.com/title/tt5341430/,Série de TV,7.3,24,2016,"Animação, Aventura, Drama, Fantasia",3475,2016-01-10,
249,tt0962740,2017-10-09,2017-10-09,,"Hell Girl","Jigoku shôjo",https://www.imdb.com/title/tt0962740/,Série de TV,7.4,,2005,"Animação, Drama, Fantasia, Terror, Mistério",2063,2005-10-04,
250,tt1356878,2018-05-27,2018-05-27,,"Hetalia: Axis Powers","Hetalia: Axis Powers",https://www.imdb.com/title/tt1356878/,Série de TV,7.2,5,2009,"Animação, Comédia",1470,2009-01-24,
251,tt3105452,2018-01-24,2018-01-24,,"Gôruden taimu","Gôruden taimu",https://www.imdb.com/title/tt3105452/,Série de TV,7.5,24,2013,"Animação, Comédia, Drama, Romance",5218,2013-10-03,
252,tt1339238,2017-07-03,2017-07-03,,"Sekirei","Sekirei",https://www.imdb.com/title/tt1339238/,Série de TV,7.2,23,2008,"Animação, Ação, Comédia, Fantasia, Romance",2930,2008-07-02,
253,tt0070968,2017-08-27,2017-08-27,,"Heidi, A Menina dos Alpes","Arupusu no shôjo Haiji",https://www.imdb.com/title/tt0070968/,Série de TV,7.5,24,1974,"Animação, Aventura, Comédia, Drama, Família",6248,1977,
254,tt2250034,2018-09-07,2018-09-07,,"Kokoro Connect","Kokoro Connect",https://www.imdb.com/title/tt2250034/,Minissérie de televisão,7.4,,2012,"Animação, Comédia, Drama, Mistério, Romance",2798,2012-07-07,
255,tt1209393,2017-08-27,2017-08-27,,"Vanpaia naito","Vanpaia naito",https://www.imdb.com/title/tt1209393/,Série de TV,7.2,24,2008,"Animação, Ação, Drama, Família, Fantasia, Terror, Mistério, Romance",5936,2008-04-07,
256,tt1685407,2017-12-01,2017-12-01,,"Kuroshitsuji II","Kuroshitsuji II",https://www.imdb.com/title/tt1685407/,Série de TV,7.3,,2010,"Animação, Ação, Comédia, Drama, Fantasia, Mistério",2680,2010-07-01,
257,tt4574736,2017-06-30,2017-06-30,,"Charlotte","Charlotte",https://www.imdb.com/title/tt4574736/,Minissérie de televisão,7.5,24,2015,"Animação, Comédia, Drama, Fantasia",9099,2015-07-04,
258,tt4584326,2017-06-30,2017-06-30,,"Owari No Seraph","Owari No Seraph",https://www.imdb.com/title/tt4584326/,Série de TV,7.4,24,2015,"Animação, Ação, Aventura, Família, Fantasia, Ficção científica",7542,2015-04-04,
259,tt2575678,2019-01-25,2019-01-25,,"Nekomonogatari (Kuro)","Nekomonogatari (Kuro)",https://www.imdb.com/title/tt2575678/,Minissérie de televisão,7.4,24,2012,"Animação, Comédia, Drama, Fantasia, Romance, Suspense",2734,2012-12-21,
260,tt0774809,2017-08-18,2017-08-18,,"Fate/stay night","Fate/stay night",https://www.imdb.com/title/tt0774809/,Série de TV,7.2,23,2006,"Animação, Ação, Aventura, Drama, Fantasia, Romance",6780,2006-01-06,
261,tt0476042,2017-09-16,2017-09-16,,"Gunslinger Girl","Gunslinger Girl",https://www.imdb.com/title/tt0476042/,Série de TV,7.3,24,2003,"Animação, Ação, Drama, Ficção científica",2359,2003-10-08,
262,tt2309312,2017-07-20,2017-07-20,,"Suki-tte î na yo.","Suki-tte î na yo.",https://www.imdb.com/title/tt2309312/,Série de TV,7.2,25,2012,"Animação, Drama, Romance",4412,2012-10-06,
263,tt6342474,2017-07-23,2017-07-23,,"Boruto: Naruto Next Generations","Boruto: Naruto Next Generations",https://www.imdb.com/title/tt6342474/,Série de TV,6.4,23,2017,"Animação, Ação, Aventura, Comédia, Drama, Fantasia",30887,2017-04-05,
264,tt1528567,2017-07-03,2017-07-03,,"Sora no Otoshimono","Sora no otoshimono",https://www.imdb.com/title/tt1528567/,Série de TV,7.2,,2009,"Animação, Ação, Comédia, Fantasia, Romance, Ficção científica",2232,2009-10-04,
265,tt5100366,2018-09-16,2018-09-16,,"O Cavalheirismo de um Cavaleiro Morto","Rakudai Kishi no Cavalry",https://www.imdb.com/title/tt5100366/,Série de TV,7.2,24,2015,"Animação, Ação, Fantasia, Romance",5023,2015-10-03,
266,tt2904418,2017-12-14,2017-12-14,,"Free!","Free!",https://www.imdb.com/title/tt2904418/,Série de TV,7.3,24,2013,"Animação, Comédia, Drama, Esportes",3819,2013-07-04,
267,tt4728568,2017-06-30,2017-06-30,,"DanMachi: É Errado Tentar Pegar Garotas em uma Masmorra?","Dungeon ni Deai wo Motomeru no wa Machigatteiru Darou ka",https://www.imdb.com/title/tt4728568/,Série de TV,7.4,24,2015,"Animação, Ação, Aventura, Comédia, Fantasia, Romance",11685,2015-04-04,
268,tt1086236,2017-06-30,2017-06-30,,"Lucky Star","Lucky Star",https://www.imdb.com/title/tt1086236/,Série de TV,7.4,25,2007,"Animação, Comédia",2609,2007-04-08,
269,tt2963556,2018-03-04,2018-03-04,,"Watashi ga motenai no wa dô kangaetemo omaera ga warui!","Watashi ga motenai no wa dô kangaetemo omaera ga warui!",https://www.imdb.com/title/tt2963556/,Série de TV,7.2,25,2013,"Animação, Comédia, Drama",2626,2013-07-08,
270,tt2321542,2017-06-30,2017-06-30,,"Chuunibyou demo koi ga shitai!","Chuunibyou demo koi ga shitai!",https://www.imdb.com/title/tt2321542/,Série de TV,7.4,25,2012,"Animação, Comédia, Drama, Fantasia, Romance",5333,2012-10-04,
271,tt2309302,2017-07-20,2017-07-20,,"Tonari no kaibutsu-kun","Tonari no kaibutsu-kun",https://www.imdb.com/title/tt2309302/,Minissérie de televisão,7.2,24,2012,"Animação, Comédia, Romance",5454,2012-10-02,
272,tt3115338,2017-07-20,2017-07-20,,"Nisekoi","Nisekoi",https://www.imdb.com/title/tt3115338/,Série de TV,7.2,25,2014,"Animação, Comédia, Romance",4380,2014-01-11,
273,tt3114376,2018-04-15,2018-04-15,,"Kyoukai no kanata","Kyoukai no kanata",https://www.imdb.com/title/tt3114376/,Série de TV,7.2,24,2013,"Animação, Ação, Comédia, Drama, Fantasia, Suspense",3155,2013-10-03,
274,tt0940874,2017-09-16,2017-09-16,,"Air","Air",https://www.imdb.com/title/tt0940874/,Série de TV,7.0,24,2005,"Animação, Drama, Fantasia, Romance",1542,2005-01-06,
275,tt0326672,2017-10-09,2017-10-09,,"Chobits","Chobits",https://www.imdb.com/title/tt0326672/,Série de TV,7.3,,2002,"Animação, Comédia, Drama, Romance, Ficção científica",4864,2002-04-02,
276,tt5025394,2017-09-17,2017-09-17,,"Gangsta","Gyangusuta",https://www.imdb.com/title/tt5025394/,Série de TV,7.2,24,2015,"Animação, Ação, Drama",3695,2015-07-01,
277,tt0364863,2018-06-16,2018-06-16,,"RahXephon","RahXephon",https://www.imdb.com/title/tt0364863/,Série de TV,7.2,25,2002,"Animação, Ação, Drama, Romance, Ficção científica",1812,2002-01-21,
278,tt0168366,2018-05-05,2018-05-05,,"Pokémon","Poketto monsutâ",https://www.imdb.com/title/tt0168366/,Série de TV,7.6,24,1997,"Animação, Ação, Aventura, Comédia, Família, Fantasia, Ficção científica",50187,1999-05-10,
279,tt0210418,2017-06-30,2017-06-30,,"Digimon","Digimon: Digital Monsters",https://www.imdb.com/title/tt0210418/,Série de TV,7.4,24,1999,"Animação, Ação, Aventura, Família, Fantasia, Ficção científica, Suspense",23876,2000-06-19,
280,tt4379632,2018-12-07,2018-12-07,,"Kekkai Sensen","Kekkai Sensen",https://www.imdb.com/title/tt4379632/,Série de TV,7.2,24,2015,"Animação, Ação, Aventura, Comédia, Fantasia",2798,2015-04-05,
281,tt2645500,2018-02-05,2018-02-05,,"Haganai","Boku wa tomodachi ga sukunai",https://www.imdb.com/title/tt2645500/,Série de TV,6.9,25,2011,"Animação, Comédia, Drama, Romance",2901,2011-09-22,
282,tt0434685,2017-08-22,2017-08-22,,"Gantz","Gantz",https://www.imdb.com/title/tt0434685/,Série de TV,7.1,22,2004,"Animação, Ação, Drama, Fantasia, Terror, Ficção científica",9023,2004-04-12,
283,tt2339875,2017-07-03,2017-07-03,,"Accel World","Accel World",https://www.imdb.com/title/tt2339875/,Série de TV,7.0,24,2012,"Animação, Ação, Romance, Ficção científica",2469,2012-04-06,
284,tt1685401,2017-07-03,2017-07-03,,"Highschool: Colégio da Morte","Gakuen mokushiroku: HIGHSCHOOL OF THE DEAD",https://www.imdb.com/title/tt1685401/,Série de TV,7.1,24,2010,"Animação, Ação, Drama, Terror, Romance, Suspense",16523,2010-07-05,
285,tt3544556,2017-07-03,2017-07-03,,"Aldnoah.Zero","Aldnoah.Zero",https://www.imdb.com/title/tt3544556/,Série de TV,7.1,25,2014,"Animação, Ação, Aventura, Drama, Romance, Ficção científica, Suspense, Guerra",2542,2014-07-05,
286,tt1780262,2018-04-11,2018-04-11,,"Kore wa Zombie desu ka?","Kore wa Zombie desu ka?",https://www.imdb.com/title/tt1780262/,Série de TV,6.9,25,2011,"Animação, Ação, Comédia, Fantasia, Romance",2045,2011-01-11,
287,tt2329220,2017-07-03,2017-07-03,,"Btooom!","Btooom!",https://www.imdb.com/title/tt2329220/,Série de TV,7.1,25,2012,"Animação, Ação, Drama, Terror, Ficção científica, Suspense",5044,2012-10-04,
288,tt0434670,2017-10-09,2017-10-09,,"Chrono Crusade","Chrono Crusade",https://www.imdb.com/title/tt0434670/,Série de TV,7.1,,2003,"Animação, Ação, Aventura, Comédia, Drama, Fantasia, Terror, Suspense",1701,2003-11-24,
289,tt1196027,2017-08-22,2017-08-22,,"Munemoshune no musume tachi","Munemoshune no musume tachi",https://www.imdb.com/title/tt1196027/,Minissérie de televisão,7.0,45,2008,"Animação, Ação, Drama, Fantasia, Terror, Mistério, Ficção científica, Suspense",2383,2008-02-03,
290,tt2122656,2017-07-03,2017-07-03,,"Guilty Crown","Guilty Crown",https://www.imdb.com/title/tt2122656/,Série de TV,7.0,23,2011,"Animação, Ação, Policial, Drama, Romance, Ficção científica, Suspense",5958,2011-10-13,
291,tt2760784,2018-05-27,2018-05-27,,"Blood Lad","Blood Lad",https://www.imdb.com/title/tt2760784/,Minissérie de televisão,7.0,24,2013,"Animação, Ação, Comédia, Drama, Fantasia, Terror",2513,2013-07-07,
292,tt5556656,2017-07-06,2017-07-06,,"Kotetsujo no Kabaneri","Kôtetsujô no Kabaneri",https://www.imdb.com/title/tt5556656/,Série de TV,7.2,23,2016,"Animação, Ação, Aventura, Drama, Fantasia, Terror",7019,2016-04-07,
293,tt0338621,2018-01-12,2018-01-12,,"Kirby","Hoshi no Kirby",https://www.imdb.com/title/tt0338621/,Série de TV,7.0,24,2001,"Animação, Ação, Aventura, Comédia, Família, Fantasia, Ficção científica",2441,2003-07-28,
294,tt7944664,2018-04-10,2018-04-10,,"B: The Beginning","B: The Beginning",https://www.imdb.com/title/tt7944664/,Série de TV,7.1,25,2018,"Animação, Ação, Policial, Drama, Suspense",5793,2018-03-02,
295,tt3874528,2017-09-21,2017-09-21,,"Mahouka koukou no rettousei","Mahouka koukou no rettousei",https://www.imdb.com/title/tt3874528/,Série de TV,7.0,22,2014,"Animação, Ação, Drama, Fantasia, Romance, Ficção científica",4423,2014-04-05,
296,tt7865090,2018-07-22,2018-07-22,,"Darling in the Franxx","DARLING in the FRANXX",https://www.imdb.com/title/tt7865090/,Série de TV,7.3,24,2018,"Animação, Ação, Drama, Romance, Ficção científica",15685,2018-01-13,
297,tt1909447,2017-06-30,2017-06-30,,"Deadman Wonderland","Deadman Wonderland",https://www.imdb.com/title/tt1909447/,Série de TV,7.1,24,2011,"Animação, Ação, Drama, Terror, Suspense",12605,2011-04-16,
298,tt8213522,2018-07-14,2018-07-14,,"Tokyo Ghoul: re","Tokyo Ghoul: re",https://www.imdb.com/title/tt8213522/,Série de TV,6.6,24,2018,"Animação, Ação, Drama, Fantasia, Terror, Mistério, Suspense",12723,2018-04-03,
299,tt0434694,2018-02-08,2018-02-08,,"Kidô senshi Gundam Seed Destiny","Kidô senshi Gundam Seed Destiny",https://www.imdb.com/title/tt0434694/,Série de TV,7.0,25,2004,"Animação, Ação, Aventura, Drama, Ficção científica, Guerra",1676,2004-10-09,
300,tt3257166,2017-07-03,2017-07-03,,"Black Bullet","Black Bullet",https://www.imdb.com/title/tt3257166/,Série de TV,6.8,25,2014,"Animação, Ação, Mistério, Ficção científica",3401,2014-04-08,
301,tt0791163,2017-10-09,2017-10-09,,"Trinity Blood","Trinity Blood",https://www.imdb.com/title/tt0791163/,Série de TV,7.1,,2005,"Animação, Ação, Drama, Terror, Ficção científica",2959,2005-04-28,
302,tt0978553,2017-07-03,2017-07-03,,"Zero no tsukaima","Zero no tsukaima",https://www.imdb.com/title/tt0978553/,Série de TV,6.9,24,2006,"Animação, Ação, Aventura, Comédia, Família, Fantasia, Romance",2574,2006-07-02,
303,tt3950092,2018-12-25,2018-12-25,,"Ookami shoujo to kuro ouji","Ookami shoujo to kuro ouji",https://www.imdb.com/title/tt3950092/,Minissérie de televisão,6.9,24,2014,"Animação, Comédia, Romance",3179,2014-10-04,
304,tt1161684,2017-07-03,2017-07-03,,"Rosario + Vampire","Rozario to banpaia",https://www.imdb.com/title/tt1161684/,Série de TV,6.8,25,2008,"Animação, Comédia, Fantasia, Romance",3907,2008-01-03,
305,tt1048049,2017-08-18,2017-08-18,,"Devil May Cry","Devil May Cry: Debiru mei kurai",https://www.imdb.com/title/tt1048049/,Minissérie de televisão,7.0,24,2007,"Animação, Ação, Fantasia, Terror",5889,2007-06-14,
306,tt0279570,2017-09-18,2017-09-18,,"Rabu Hina","Rabu Hina",https://www.imdb.com/title/tt0279570/,Série de TV,6.9,544,2000,"Animação, Comédia, Drama, Romance",2433,2006-04-11,
307,tt0249327,2017-06-30,2017-06-30,,"Yu-Gi-Oh!","Yu-Gi-Oh!",https://www.imdb.com/title/tt0249327/,Série de TV,7.3,24,2000,"Animação, Ação, Aventura, Família, Fantasia",24361,2002-04-22,
308,tt0264530,2018-03-02,2018-03-02,,"Devilman","Debiruman",https://www.imdb.com/title/tt0264530/,Minissérie de televisão,7.1,57,1987,"Animação, Ação, Fantasia, Terror",1999,1987-11-01,
309,tt7131720,2018-07-02,2018-07-02,,"Kakegurui","Kakegurui",https://www.imdb.com/title/tt7131720/,Série de TV,7.1,24,2017,"Animação, Drama, Mistério, Suspense",14402,2017-07-01,
310,tt2575684,2017-07-03,2017-07-03,,"Date a Live","Date a Live",https://www.imdb.com/title/tt2575684/,Série de TV,6.9,25,2013,"Animação, Ação, Comédia, Fantasia, Romance, Ficção científica, Suspense",4498,2013-04-05,
311,tt3592708,2017-07-20,2017-07-20,,"Blue Spring Ride","Ao Haru Ride",https://www.imdb.com/title/tt3592708/,Série de TV,7.5,122,2014,"Animação, Comédia, Drama, Romance",6820,2014-07-07,
312,tt0361140,2017-10-09,2017-10-09,,".hack//SIGN",".hack//SIGN",https://www.imdb.com/title/tt0361140/,Série de TV,6.8,25,2002,"Animação, Ação, Aventura, Drama, Fantasia, Mistério, Ficção científica, Suspense",1479,2002-04-03,
313,tt1909463,2018-05-27,2018-05-27,,"Freezing","Freezing",https://www.imdb.com/title/tt1909463/,Série de TV,6.7,24,2011,"Animação, Ação, Drama, Romance, Ficção científica",1895,2011-01-08,
314,tt1308089,2018-10-05,2018-10-05,,"To aru majutsu no indekkusu","To aru majutsu no indekkusu",https://www.imdb.com/title/tt1308089/,Série de TV,6.8,23,2008,"Animação, Ação, Comédia, Drama, Família, Fantasia, Romance, Ficção científica",2416,2008-10-04,
315,tt5847454,2017-09-17,2017-09-17,,"Berserk","Beruseruku",https://www.imdb.com/title/tt5847454/,Série de TV,6.7,24,2016,"Animação, Ação, Aventura, Drama, Fantasia, Terror",8144,2016-07-01,
316,tt0139774,2017-06-30,2017-06-30,,"Dragon Ball GT","Dragon Ball GT: Doragon bôru jîtî",https://www.imdb.com/title/tt0139774/,Série de TV,6.8,24,1996,"Animação, Ação, Aventura, Comédia, Fantasia, Ficção científica, Suspense",30166,2002-12-02,
317,tt1929675,2018-04-11,2018-04-11,,"Infinite Stratos","Infinite Stratos",https://www.imdb.com/title/tt1929675/,Série de TV,6.5,24,2011,"Animação, Ação, Comédia, Romance, Ficção científica",2271,2011-01-07,
318,tt0328733,2017-06-30,2017-06-30,,"Beyblade","Bakuten shoot beyblade",https://www.imdb.com/title/tt0328733/,Série de TV,6.8,30,2001,"Animação, Ação, Família, Fantasia, Ficção científica, Esportes, Suspense",7266,2002-10-07,
319,tt0293731,2017-06-30,2017-06-30,,"Medabots","Medabots",https://www.imdb.com/title/tt0293731/,Série de TV,6.8,30,1999,"Animação, Ação, Aventura, Comédia, Família, Ficção científica",2573,2001-11-18,
320,tt0316975,2017-07-23,2017-07-23,,"Digimon 4","Dejimon furontiâ",https://www.imdb.com/title/tt0316975/,Série de TV,6.7,,2002,"Animação, Ação, Aventura, Família, Fantasia, Ficção científica, Suspense",3011,2002-04-07,
321,tt0493334,2017-06-30,2017-06-30,,"Yu-Gi-Oh! GX","Yu-Gi-Oh! GX",https://www.imdb.com/title/tt0493334/,Série de TV,6.8,30,2004,"Animação, Ação, Aventura, Comédia, Família, Fantasia, Ficção científica",5532,2006-03-11,
322,tt6424454,2019-01-10,2019-01-10,,"Fate/Apocrypha","Fate/Apocrypha",https://www.imdb.com/title/tt6424454/,Série de TV,6.6,24,2017,"Animação, Ação, Drama, Fantasia",2865,2017-07-02,
323,tt0318895,2017-06-30,2017-06-30,,"Hamtaro","Tottoko Hamutaro",https://www.imdb.com/title/tt0318895/,Série de TV,6.4,30,2000,"Animação, Aventura, Comédia, Família, Fantasia",2718,2002-04-01,
324,tt1068993,2017-07-06,2017-07-06,,"Sukûru deizu","Sukûru deizu",https://www.imdb.com/title/tt1068993/,Minissérie de televisão,5.9,,2007,"Animação, Drama, Terror, Romance, Suspense",3161,2007-07-03,
325,tt0367413,2017-06-30,2017-06-30,,"Sonic X","Sonic X",https://www.imdb.com/title/tt0367413/,Série de TV,6.3,30,2003,"Animação, Ação, Aventura, Comédia, Família, Fantasia, Ficção científica",6076,2003-04-06,
326,tt1114855,2017-06-30,2017-06-30,,"Bakugan: Guerreiros da Batalha","Bakugan Battle Brawlers",https://www.imdb.com/title/tt1114855/,Série de TV,5.8,22,2007,"Animação, Ação, Aventura, Comédia, Família, Fantasia, Ficção científica",3727,2009-03-02,
327,tt8690728,2019-01-28,2019-01-28,,"Matador de Goblins","Goblin Slayer",https://www.imdb.com/title/tt8690728/,Série de TV,7.4,30,2018,"Animação, Ação, Aventura, Fantasia, Terror",11400,2018-10-07,
328,tt4958610,2019-01-31,2019-01-31,,"Rokka ~Bravos das Seis Flores~","Rokka no Yuusha",https://www.imdb.com/title/tt4958610/,Minissérie de televisão,6.8,24,2015,"Animação, Ação, Aventura, Fantasia, Mistério, Suspense",2338,2015-07-04,
329,tt5839732,2019-02-03,2019-02-03,,"Orange","Orange",https://www.imdb.com/title/tt5839732/,Minissérie de televisão,7.6,24,2016,"Animação, Drama, Romance, Ficção científica",5080,2016-07-02,
330,tt5595178,2019-02-21,2019-02-21,,"Brotherhood: Final Fantasy XV","Brotherhood: Final Fantasy XV",https://www.imdb.com/title/tt5595178/,Série de TV,7.0,15,2016,"Animação, Ação, Aventura, Drama, Fantasia, Ficção científica",1675,2016-03-30,
331,tt4755410,2019-02-25,2019-02-25,,"Durarara!!x2","Durarara!!x2",https://www.imdb.com/title/tt4755410/,Série de TV,7.7,24,2015,"Animação, Comédia, Policial, Drama, Suspense",2212,2015-01-10,
332,tt5240222,2019-02-26,2019-02-26,,"God Eater","God Eater",https://www.imdb.com/title/tt5240222/,Série de TV,6.9,24,2015,"Animação, Ação, Ficção científica",2388,2015-07-12,
333,tt0440988,2019-03-04,2019-03-04,,"Desert Punk","Sunabôzu",https://www.imdb.com/title/tt0440988/,Série de TV,7.2,580,2004,"Animação, Ação, Comédia, Ficção científica",1512,2004-10-04,
334,tt1634209,2019-03-04,2019-03-04,,"Beijo x Mana","Kiss x sis",https://www.imdb.com/title/tt1634209/,Série de TV,6.0,24,2010,"Animação, Comédia, Drama, Romance",2597,2010-08-05,
335,tt1636694,2019-03-04,2019-03-04,,"Demon King Daimao","Ichiban ushiro no daimaou",https://www.imdb.com/title/tt1636694/,Série de TV,6.6,24,2010,"Animação, Ação, Comédia, Fantasia",2901,2010-04-03,
336,tt6357658,2019-04-12,2019-04-12,,"Baki","Baki",https://www.imdb.com/title/tt6357658/,Série de TV,6.8,45,2016,"Animação, Ação, Drama, Esportes",9793,2018-12-18,
337,tt9054364,2019-04-15,2019-04-15,,"That Time I Got Reincarnated as a Slime","Tensei Shitara Suraimu Datta Ken",https://www.imdb.com/title/tt9054364/,Série de TV,8.1,25,2018,"Animação, Ação, Aventura, Comédia, Fantasia",18159,2018-10-02,
338,tt1751305,2019-05-28,2019-05-28,,"Ore no imouto ga konna ni kawaii wake ga nai","Ore no imouto ga konna ni kawaii wake ga nai",https://www.imdb.com/title/tt1751305/,Série de TV,6.4,25,2010,"Animação, Comédia, Drama, Romance",1842,2010-10-03,
339,tt8699270,2019-06-19,2019-06-19,,"Ultraman","Ultraman",https://www.imdb.com/title/tt8699270/,Série de TV,6.8,25,2019,"Animação, Ação, Aventura, Drama, Fantasia, Ficção científica",2744,2019-04-01,
340,tt5987956,2019-06-21,2019-06-21,,"Ao no Exorcist: Kyoto Fujouou-hen","Ao no ekusoshisuto: Kyoto fujô ô-hen",https://www.imdb.com/title/tt5987956/,Série de TV,7.3,24,2017,"Animação, Ação, Drama, Fantasia, Terror",2995,2017-01-07,
341,tt0105559,2019-08-01,2019-08-01,,"Tenchi Muyô!","Tenchi Muyô!",https://www.imdb.com/title/tt0105559/,Série de TV,7.6,30,1992,"Animação, Aventura, Comédia, Fantasia, Romance, Ficção científica",2304,1992-09-25,
342,tt1329466,2019-08-01,2019-08-01,,"Sukippu bîto!","Sukippu bîto!",https://www.imdb.com/title/tt1329466/,Série de TV,7.8,24,2008,"Animação, Comédia, Drama, Romance",1740,2008-10-05,
343,tt2196757,2019-08-03,2019-08-03,,"Inuboku Secret Service","Inu x Boku SS",https://www.imdb.com/title/tt2196757/,Série de TV,7.0,24,2012,"Animação, Comédia, Romance",1868,2012-01-12,
344,tt8433216,2019-08-08,2019-08-08,,"Super Dragon Ball Heroes","Super Dragon Ball Heroes",https://www.imdb.com/title/tt8433216/,Série de TV,6.7,10,2018,"Animação, Ação, Aventura, Fantasia",3618,2018-07-01,
345,tt6908976,2019-08-14,2019-08-14,,"Saint Seiya: Os Cavaleiros do Zodíaco","Seinto Seiya: Knights of the Zodiac",https://www.imdb.com/title/tt6908976/,Série de TV,4.7,24,2019,"Animação, Ação, Aventura, Fantasia, Ficção científica",2302,2019-07-19,
346,tt4831392,2019-08-16,2019-08-16,,"MONSTER MUSUME: A Vida com Mulheres-Monstro","Monster Musume no Iru Nichijou",https://www.imdb.com/title/tt4831392/,Série de TV,6.6,23,2015,"Animação, Comédia, Fantasia, Romance",3651,2015-06-27,
347,tt5023666,2019-08-31,2019-08-31,,"Arslan Senki","Arslan Senki",https://www.imdb.com/title/tt5023666/,Série de TV,7.5,24,2015,"Animação, Ação, Aventura, Fantasia",2466,2015-04-05,
348,tt4663062,2019-08-31,2019-08-31,,"Dragon Ball Z: The Tree of Might","Dragon Ball Z: The Tree of Might",https://www.imdb.com/title/tt4663062/,Minissérie de televisão,7.4,,1997,"Animação, Ação, Aventura, Ficção científica",1629,1997-11-15,
349,tt0061300,2019-08-31,2019-08-31,,"Speed Racer","Mahha GoGoGo",https://www.imdb.com/title/tt0061300/,Série de TV,7.2,30,1967,"Animação, Ação, Aventura, Comédia, Família, Ficção científica, Esportes",3562,1967-04-02,
350,tt0100044,2019-08-31,2019-08-31,,"The Record of the Lodoss War","Rôdosu-tô senki",https://www.imdb.com/title/tt0100044/,Série de TV,7.5,25,1990,"Animação, Ação, Aventura, Fantasia, Romance",3038,1990-06-30,
351,tt0144069,2019-08-31,2019-08-31,,"Street Fighter II: Victory","Street Fighter II: V",https://www.imdb.com/title/tt0144069/,Série de TV,7.5,22,1995,"Animação, Ação, Aventura, Drama, Fantasia",2559,1995-04-10,
352,tt0294154,2019-08-31,2019-08-31,,"Noir","Noir",https://www.imdb.com/title/tt0294154/,Série de TV,7.2,,2001,"Animação, Ação, Policial, Drama, Mistério, Suspense",2095,2001-04-06,
353,tt0402716,2019-08-31,2019-08-31,,"Witch Hunter Robin","Witch Hunter Robin",https://www.imdb.com/title/tt0402716/,Série de TV,7.1,25,2002,"Animação, Ação, Aventura, Drama, Fantasia, Mistério",2268,2002-07-03,
354,tt0280240,2019-08-31,2019-08-31,,"The Big O","The Big O",https://www.imdb.com/title/tt0280240/,Série de TV,7.5,,1999,"Animação, Ação, Aventura, Mistério, Ficção científica",2455,1999-10-13,
355,tt0158591,2019-08-31,2019-08-31,,"Dominion","Dominion",https://www.imdb.com/title/tt0158591/,Minissérie de televisão,6.8,35,1988,"Animação, Ação, Comédia, Policial, Ficção científica, Suspense",1849,1988-05-27,
356,tt0400690,2019-08-31,2019-08-31,,"Juubee Ninpuuchou: Ryuuhougyoku-hen","Jûbê ninpûchô: Ryûhôgyoku-hen",https://www.imdb.com/title/tt0400690/,Série de TV,6.8,30,2003,"Animação, Ação, Aventura, Comédia, Fantasia, Terror",1942,2003-04-14,
357,tt0078560,2019-08-31,2019-08-31,,"Akage no An","Akage no An",https://www.imdb.com/title/tt0078560/,Série de TV,7.7,24,1979,"Animação, Drama, Família, Romance",2208,1979-01-07,
358,tt0498443,2019-08-31,2019-08-31,,"Paradise Kiss","Paradise Kiss",https://www.imdb.com/title/tt0498443/,Série de TV,7.7,23,2005,"Animação, Comédia, Drama, Romance",2235,2005-10-13,
359,tt0813971,2019-08-31,2019-08-31,,"Witchblade","Witchblade",https://www.imdb.com/title/tt0813971/,Série de TV,6.9,30,2006,"Animação, Ação, Aventura, Drama, Terror, Ficção científica",1670,2006-04-05,
360,tt1161669,2019-08-31,2019-08-31,,"Kaze no stigma","Kaze no stigma",https://www.imdb.com/title/tt1161669/,Série de TV,7.1,24,2007,"Animação, Ação, Comédia, Fantasia, Romance",1950,2007-04-12,
361,tt2789238,2019-08-31,2019-08-31,,"Strike the Blood","Strike the Blood",https://www.imdb.com/title/tt2789238/,Série de TV,6.9,24,2013,"Animação, Ação, Comédia, Fantasia, Romance",1924,2013-10-04,
362,tt0218775,2019-08-31,2019-08-31,,"Monster Farm: Enbanseki no himitsu","Monster Farm: Enbanseki no himitsu",https://www.imdb.com/title/tt0218775/,Série de TV,6.9,,1999,"Animação, Ação, Aventura, Comédia, Drama, Família, Fantasia, Ficção científica",1590,2000-07-08,
363,tt1196094,2019-08-31,2019-08-31,,"Yu-Gi-Oh! 5D's","Yûgiô: 5D's",https://www.imdb.com/title/tt1196094/,Série de TV,7.0,,2008,"Animação, Ação, Aventura, Fantasia, Ficção científica",2119,2008-04-02,
364,tt0088109,2019-08-31,2019-08-31,,"Detetive Holmes","Meitantei Holmes",https://www.imdb.com/title/tt0088109/,Série de TV,7.5,24,1984,"Animação, Ação, Aventura, Comédia, Policial, Família, Mistério",1704,1984-11-06,
365,tt0243694,2019-08-31,2019-08-31,,"Digimon","Dejimon adobenchâ 02",https://www.imdb.com/title/tt0243694/,Série de TV,7.4,30,2000,"Animação, Ação, Aventura, Comédia, Policial, Drama, Família, Fantasia, Ficção científica, Suspense",2119,,
366,tt1214373,2019-08-31,2019-08-31,,"Itazura na Kiss","Itazura na Kiss",https://www.imdb.com/title/tt1214373/,Série de TV,7.3,24,2008,"Animação, Comédia, Drama, Romance",1869,2008-04-04,
367,tt1224144,2019-08-31,2019-08-31,,"Katei Kyoshi Hitman Reborn!","Katei Kyoshi Hitman Reborn!",https://www.imdb.com/title/tt1224144/,Série de TV,7.6,,2006,"Animação, Ação, Comédia, Fantasia",1840,2006-10-07,
368,tt0878230,2019-08-31,2019-08-31,,"Black Blood Brothers","Black Blood Brothers",https://www.imdb.com/title/tt0878230/,Série de TV,6.8,,2006,"Animação, Ação, Comédia, Fantasia, Terror",1299,2006-09-08,
369,tt0122336,2019-08-31,2019-08-31,,"Captain Future","Captain Future",https://www.imdb.com/title/tt0122336/,Série de TV,7.9,30,1978,"Animação, Aventura, Ficção científica",1640,1978-11-07,
370,tt0387724,2019-08-31,2019-08-31,,"Blue Gender","Blue Gender",https://www.imdb.com/title/tt0387724/,Série de TV,7.2,23,1999,"Animação, Ação, Aventura, Drama, Fantasia, Terror, Ficção científica",1373,1999-10-07,
371,tt0953916,2019-08-31,2019-08-31,,"Air Gear","Air Gear",https://www.imdb.com/title/tt0953916/,Série de TV,7.1,25,2006,"Animação, Ação, Comédia, Esportes",1486,2006-04-04,
372,tt0809815,2019-08-31,2019-08-31,,"Tenjho Tenge","Tenjô tenge",https://www.imdb.com/title/tt0809815/,Série de TV,6.8,23,2004,"Animação, Ação, Comédia, Drama, Romance",1405,2004-04-01,
373,tt3981938,2019-08-31,2019-08-31,,"Shingeki no Bahamut: Genesis","Shingeki no Bahamut: Genesis",https://www.imdb.com/title/tt3981938/,Série de TV,7.3,24,2014,"Animação, Ação, Aventura, Fantasia",1759,2014-09-01,
374,tt9522300,2019-08-31,2019-08-31,,"Kaguya-Sama: Love is War","Kaguya-sama wa kokurasetai ~ Tensai tachi no ren'ai zunô sen ~",https://www.imdb.com/title/tt9522300/,Série de TV,8.5,24,2019,"Animação, Comédia, Romance, Suspense",22979,2019-09-05,
375,tt0872301,2019-08-31,2019-08-31,,"Aa Megamisama","Aa Megamisama",https://www.imdb.com/title/tt0872301/,Série de TV,7.2,25,2005,"Animação, Comédia, Drama, Fantasia, Romance",1270,2005-01-06,
376,tt0307427,2019-08-31,2019-08-31,,"Scryed","Scryed",https://www.imdb.com/title/tt0307427/,Série de TV,6.9,629,2001,"Animação, Ação, Aventura, Fantasia, Ficção científica",1197,2001-07-04,
377,tt2070571,2019-08-31,2019-08-31,,"X-Men","X-Men",https://www.imdb.com/title/tt2070571/,Minissérie de televisão,6.8,23,2011,"Animação, Ação, Ficção científica",2644,2011-04-01,
378,tt0220218,2019-08-31,2019-08-31,,"Cyber City Oedo 808","Saibâ shiti Oedo 808",https://www.imdb.com/title/tt0220218/,Minissérie de televisão,7.5,40,1990,"Animação, Ação, Aventura, Policial, Terror, Ficção científica, Suspense",2507,1990-06-21,
379,tt3127798,2019-08-31,2019-08-31,,"Corpse Party: Tortured Souls","Corpse Party: Tortured Souls",https://www.imdb.com/title/tt3127798/,Minissérie de televisão,6.3,29,2013,"Animação, Terror, Mistério, Suspense",2587,2013-07-24,
380,tt0088863,2019-08-31,2019-08-31,,"Bubblegum Crisis","Baburugamu kuraishisu",https://www.imdb.com/title/tt0088863/,Minissérie de televisão,7.3,25,1987,"Animação, Ação, Fantasia, Ficção científica, Suspense",1877,1987-02-25,
381,tt1634165,2019-08-31,2019-08-31,,"B-gata H-kei","B-gata H-kei",https://www.imdb.com/title/tt1634165/,Minissérie de televisão,7.1,25,2010,"Animação, Comédia, Drama, Romance",1755,2010-04-01,
382,tt4623042,2019-08-31,2019-08-31,,"Yamada-kun and the Seven Witches","Yamada-kun to 7-nin no Majo",https://www.imdb.com/title/tt4623042/,Série de TV,7.2,24,2014,"Animação, Comédia, Fantasia, Romance",2841,2015-04-12,
383,tt0427531,2019-08-31,2019-08-31,,"Mezo forute","Mezo forute",https://www.imdb.com/title/tt0427531/,Minissérie de televisão,6.7,80,2000,"Animação, Ação, Comédia, Policial, Ficção científica, Suspense",1638,2000-05-25,
384,tt0278926,2019-08-31,2019-08-31,,"Ao no roku go","Ao no roku go",https://www.imdb.com/title/tt0278926/,Minissérie de televisão,6.7,,1998,"Animação, Ação, Ficção científica",1353,1998-10-25,
385,tt4431276,2019-09-01,2019-09-01,,"Magi: Adventure of Sinbad","Magi: Shindobaddo no bôken",https://www.imdb.com/title/tt4431276/,Minissérie de televisão,7.4,24,2016,"Animação, Aventura, Fantasia",2657,2016-04-16,
386,tt2294048,2019-09-02,2019-09-02,,"Zetsuen No Tempest","Zetsuen No Tempest",https://www.imdb.com/title/tt2294048/,Série de TV,7.4,25,2012,"Animação, Ação, Fantasia, Mistério",1699,2012-10-05,
387,tt2902582,2019-09-22,2019-09-22,,"Danganronpa: Kibô no gakuen to zetsubô no kôkôsei - The animation","Danganronpa: Kibô no gakuen to zetsubô no kôkôsei - The animation",https://www.imdb.com/title/tt2902582/,Série de TV,6.8,25,2013,"Animação, Ação, Policial, Família, Mistério, Suspense",3561,2013-07-04,
388,tt0435033,2019-10-19,2019-10-19,,"Hunter x Hunter: Greed Island","Hunter x Hunter: Greed Island",https://www.imdb.com/title/tt0435033/,Minissérie de televisão,8.4,22,2003,"Animação, Curta-Metragem, Ação, Aventura, Ficção científica",1822,2008-08-27,
389,tt5095466,2019-10-19,2019-10-19,,"Gakusen toshi asterisk","Gakusen toshi asterisk",https://www.imdb.com/title/tt5095466/,Série de TV,6.8,23,2015,"Animação, Ação, Comédia, Fantasia, Romance, Ficção científica",2704,2015-10-03,
390,tt5701624,2019-10-21,2019-10-21,,"Sakamoto desu ga?","Sakamoto desu ga?",https://www.imdb.com/title/tt5701624/,Minissérie de televisão,7.1,24,2016,"Animação, Comédia",2824,2016-04-08,
391,tt6455986,2019-10-26,2019-10-26,,"Yojo Senki: Saga of Tanya the Evil","Yojo Senki: Saga of Tanya the Evil",https://www.imdb.com/title/tt6455986/,Série de TV,7.6,24,2017,"Animação, Ação, Aventura, Fantasia, Guerra",4722,2017-01-06,
392,tt9058134,2019-12-16,2019-12-16,,"Kengan Ashura","Kengan Ashura",https://www.imdb.com/title/tt9058134/,Série de TV,7.9,,2019,"Animação, Ação, Esportes",8025,2019-07-31,
393,tt7978710,2019-12-20,2019-12-20,,"Sword Art Online Alternative: Gun Gale Online","Sword Art Online Alternative: Gun Gale Online",https://www.imdb.com/title/tt7978710/,Série de TV,6.8,24,2018,"Animação, Ação, Aventura, Comédia, Drama, Fantasia, Ficção científica",2969,2018-04-08,
394,tt7484994,2019-12-24,2019-12-24,,"Kujira no kora wa sajô ni utau","Kujira no kora wa sajô ni utau",https://www.imdb.com/title/tt7484994/,Minissérie de televisão,7.0,24,2017,"Animação, Drama, Fantasia, Mistério, Ficção científica",1912,2017-10-08,
395,tt0159208,2019-12-24,2019-12-24,,"City Hunter","City Hunter",https://www.imdb.com/title/tt0159208/,Série de TV,7.7,24,1987,"Animação, Ação, Comédia, Policial, Mistério, Romance",1710,1987-04-06,
396,tt0296319,2019-12-24,2019-12-24,,"Super Campeões","Captain Tsubasa J",https://www.imdb.com/title/tt0296319/,Série de TV,7.6,24,1994,"Animação, Drama, Família, Romance, Esportes",1859,1994-10-21,
397,tt0169473,2019-12-24,2019-12-24,,"Mazinger Z","Majingâ Zetto",https://www.imdb.com/title/tt0169473/,Série de TV,7.8,30,1972,"Ação, Animação, Ficção científica",1623,1972-12-03,
398,tt0366848,2019-12-24,2019-12-24,,"Onegai Teacher","Onegai Teacher",https://www.imdb.com/title/tt0366848/,Série de TV,6.9,25,2002,"Animação, Comédia, Romance, Ficção científica",1289,2002-01-10,
399,tt1945730,2019-12-24,2019-12-24,,"Katanagatari","Katanagatari",https://www.imdb.com/title/tt1945730/,Minissérie de televisão,7.8,50,2010,"Animação, Ação, Aventura, Comédia, Drama, Romance",1675,2010-01-25,
400,tt2269368,2019-12-24,2019-12-24,,"Hagure Yusha no Aestetica","Hagure Yusha no Aestetica",https://www.imdb.com/title/tt2269368/,Série de TV,6.8,23,2012,"Animação, Ação, Fantasia",2231,2012-07-06,
401,tt9307686,2020-01-02,2020-01-02,,"Fire Force","Enen no Shôbôtai",https://www.imdb.com/title/tt9307686/,Série de TV,7.6,23,2019,"Animação, Ação, Drama, Fantasia",12818,2019-07-05,
402,tt3532752,2020-01-03,2020-01-03,,"Trinity Seven: 7-nin no Masho Tsukai","Trinity Seven: 7-nin no Masho Tsukai",https://www.imdb.com/title/tt3532752/,Série de TV,6.7,24,2014,"Animação, Ação, Comédia, Fantasia, Romance",3029,2014-09-01,
